Thu, 17 Sep 2026 01:38:25 +06 INF C:/Users/runneradmin/go/pkg/mod/github.com/portapps/portapps/v3@v3.18.0/portapps.go:117 > --------
Thu, 17 Sep 2026 01:38:25 +06 INF C:/Users/runneradmin/go/pkg/mod/github.com/portapps/portapps/v3@v3.18.0/portapps.go:118 > Operating System: Windows 10.0.19045
Thu, 17 Sep 2026 01:38:25 +06 INF C:/Users/runneradmin/go/pkg/mod/github.com/portapps/portapps/v3@v3.18.0/portapps.go:119 > Starting Brave 1.89.132-99 (portapps 3.18.0)...
Thu, 17 Sep 2026 01:38:25 +06 INF C:/Users/runneradmin/go/pkg/mod/github.com/portapps/portapps/v3@v3.18.0/portapps.go:120 > Release date: 2026/04/13 21:19:42
Thu, 17 Sep 2026 01:38:25 +06 INF C:/Users/runneradmin/go/pkg/mod/github.com/portapps/portapps/v3@v3.18.0/portapps.go:121 > Publisher: CrazyMax (https://github.com/portapps/brave-portable)
Thu, 17 Sep 2026 01:38:25 +06 INF C:/Users/runneradmin/go/pkg/mod/github.com/portapps/portapps/v3@v3.18.0/portapps.go:122 > Root path: C:\Users\Ariyan\Desktop\brave_extracted
Thu, 17 Sep 2026 01:38:25 +06 INF C:/Users/runneradmin/go/pkg/mod/github.com/portapps/portapps/v3@v3.18.0/portapps.go:126 > Configuration:
common:
    disable_log: false
    args: []
    env: {}
    app_path: ""
app:
    cleanup: false

Thu, 17 Sep 2026 01:38:25 +06 ERR D:/a/brave-portable/brave-portable/main.go:108 > Cannot import registry key error="reg file C:\\Users\\Ariyan\\Desktop\\brave_extracted\\reg\\BraveSoftware.reg not found"
Thu, 17 Sep 2026 01:38:25 +06 ERR D:/a/brave-portable/brave-portable/main.go:111 > Cannot import registry key error="reg file C:\\Users\\Ariyan\\Desktop\\brave_extracted\\reg\\Brave-Browser-Development.reg not found"
Thu, 17 Sep 2026 01:38:25 +06 INF C:/Users/runneradmin/go/pkg/mod/github.com/portapps/portapps/v3@v3.18.0/portapps.go:167 > Process: C:\Users\Ariyan\Desktop\brave_extracted\app\brave.exe
Thu, 17 Sep 2026 01:38:25 +06 INF C:/Users/runneradmin/go/pkg/mod/github.com/portapps/portapps/v3@v3.18.0/portapps.go:168 > Args (config file): 
Thu, 17 Sep 2026 01:38:25 +06 INF C:/Users/runneradmin/go/pkg/mod/github.com/portapps/portapps/v3@v3.18.0/portapps.go:169 > Args (cmd line): --allow-pre-commit-input --allow-running-insecure-content --disable-back-forward-cache --disable-background-networking --disable-background-timer-throttling --disable-backgrounding-occluded-windows --disable-blink-features=AutomationControlled --disable-breakpad --disable-browser-side-navigation --disable-client-side-phishing-detection --disable-component-extensions-with-background-pages --disable-component-update --disable-default-apps --disable-dev-shm-usage --disable-features=IgnoreDuplicateNavs,Prewarm,ImprovedCookieControls,LazyFrameLoading,GlobalMediaControls,DestroyProfileOnBrowserClose,MediaRouter,DialMediaRouteProvider,AcceptCHFrame,AutoExpandDetailsElement,CertificateTransparencyComponentUpdater,AvoidUnnecessaryBeforeUnloadCheckSync,Translate,LeakDetection,IsolateOrigins,site-per-process --disable-field-trial-config --disable-gpu --disable-hang-monitor --disable-infobars --disable-ipc-flooding-protection --disable-low-res-tiling --disable-oopr-debug-crash-dump --disable-plugins --disable-plugins-discovery --disable-popup-blocking --disable-prompt-on-repost --disable-renderer-backgrounding --disable-setuid-sandbox --disable-site-isolation-trials --disable-sync --disable-sync-preferences --disable-web-resources --disable-web-security --disable-webgl --disable-xss-auditor --disk-cache-size=300000000 --enable-features=NetworkService,NetworkServiceInProcess --export-tagged-pdf --force-color-profile=srgb --hide-scrollbars --host-resolver-rules=MAP https://www.google-analytics.com 127.0.0.1 --ignore-certificate-error --ignore-certificate-errors --ignore-ssl-errors --load-extension=C:\Users\Ariyan\AppData\Local\Temp\scoped_dir9896_796624617\extension_padekgcemlokbadohgkifijomclgjgif --log-level=0 --metrics-recording-only --no-crash-upload --no-default-browser-check --no-first-run --no-sandbox --no-service-autorun --password-store=basic --remote-debugging-port=0 --shm-size=1gb --test-type=webdriver --use-mock-keychain --user-data-dir=C:\Users\Ariyan\AppData\Local\Temp\scoped_dir9896_1243082865 --window-size=500,550 data:,
Thu, 17 Sep 2026 01:38:25 +06 INF C:/Users/runneradmin/go/pkg/mod/github.com/portapps/portapps/v3@v3.18.0/portapps.go:170 > Args (hardcoded): --user-data-dir=C:\Users\Ariyan\Desktop\brave_extracted\data --disable-brave-update --no-default-browser-check --disable-logging --disable-breakpad --disable-machine-id --disable-encryption-win --update-feed-url=https://raw.githubusercontent.com/portapps/brave-portable/refs/tags/1.89.132-99/res/appcast.xml
Thu, 17 Sep 2026 01:38:25 +06 INF C:/Users/runneradmin/go/pkg/mod/github.com/portapps/portapps/v3@v3.18.0/portapps.go:171 > Working dir: C:\Users\Ariyan\Desktop\brave_extracted\app
Thu, 17 Sep 2026 01:38:25 +06 INF C:/Users/runneradmin/go/pkg/mod/github.com/portapps/portapps/v3@v3.18.0/portapps.go:172 > App path: C:\Users\Ariyan\Desktop\brave_extracted\app
Thu, 17 Sep 2026 01:38:25 +06 INF C:/Users/runneradmin/go/pkg/mod/github.com/portapps/portapps/v3@v3.18.0/portapps.go:173 > Data path: C:\Users\Ariyan\Desktop\brave_extracted\data
Thu, 17 Sep 2026 01:38:25 +06 INF C:/Users/runneradmin/go/pkg/mod/github.com/portapps/portapps/v3@v3.18.0/portapps.go:174 > Previous path: 
Thu, 17 Sep 2026 01:38:25 +06 INF C:/Users/runneradmin/go/pkg/mod/github.com/portapps/portapps/v3@v3.18.0/portapps.go:180 > Launching Brave
Thu, 17 Sep 2026 01:38:25 +06 INF C:/Users/runneradmin/go/pkg/mod/github.com/portapps/portapps/v3@v3.18.0/portapps.go:190 > Exec C:\Users\Ariyan\Desktop\brave_extracted\app\brave.exe --allow-pre-commit-input --allow-running-insecure-content --disable-back-forward-cache --disable-background-networking --disable-background-timer-throttling --disable-backgrounding-occluded-windows --disable-blink-features=AutomationControlled --disable-breakpad --disable-browser-side-navigation --disable-client-side-phishing-detection --disable-component-extensions-with-background-pages --disable-component-update --disable-default-apps --disable-dev-shm-usage --disable-features=IgnoreDuplicateNavs,Prewarm,ImprovedCookieControls,LazyFrameLoading,GlobalMediaControls,DestroyProfileOnBrowserClose,MediaRouter,DialMediaRouteProvider,AcceptCHFrame,AutoExpandDetailsElement,CertificateTransparencyComponentUpdater,AvoidUnnecessaryBeforeUnloadCheckSync,Translate,LeakDetection,IsolateOrigins,site-per-process --disable-field-trial-config --disable-gpu --disable-hang-monitor --disable-infobars --disable-ipc-flooding-protection --disable-low-res-tiling --disable-oopr-debug-crash-dump --disable-plugins --disable-plugins-discovery --disable-popup-blocking --disable-prompt-on-repost --disable-renderer-backgrounding --disable-setuid-sandbox --disable-site-isolation-trials --disable-sync --disable-sync-preferences --disable-web-resources --disable-web-security --disable-webgl --disable-xss-auditor --disk-cache-size=300000000 --enable-features=NetworkService,NetworkServiceInProcess --export-tagged-pdf --force-color-profile=srgb --hide-scrollbars --host-resolver-rules=MAP https://www.google-analytics.com 127.0.0.1 --ignore-certificate-error --ignore-certificate-errors --ignore-ssl-errors --load-extension=C:\Users\Ariyan\AppData\Local\Temp\scoped_dir9896_796624617\extension_padekgcemlokbadohgkifijomclgjgif --log-level=0 --metrics-recording-only --no-crash-upload --no-default-browser-check --no-first-run --no-sandbox --no-service-autorun --password-store=basic --remote-debugging-port=0 --shm-size=1gb --test-type=webdriver --use-mock-keychain --user-data-dir=C:\Users\Ariyan\AppData\Local\Temp\scoped_dir9896_1243082865 --window-size=500,550 data:, --user-data-dir=C:\Users\Ariyan\Desktop\brave_extracted\data --disable-brave-update --no-default-browser-check --disable-logging --disable-breakpad --disable-machine-id --disable-encryption-win --update-feed-url=https://raw.githubusercontent.com/portapps/brave-portable/refs/tags/1.89.132-99/res/appcast.xml

DevTools listening on ws://127.0.0.1:58389/devtools/browser/03713851-e9ac-40a9-99f5-0852b7710c71
Thu, 17 Sep 2026 01:44:04 +06 INF C:/Users/runneradmin/go/pkg/mod/github.com/portapps/portapps/v3@v3.18.0/portapps.go:117 > --------
Thu, 17 Sep 2026 01:44:04 +06 INF C:/Users/runneradmin/go/pkg/mod/github.com/portapps/portapps/v3@v3.18.0/portapps.go:118 > Operating System: Windows 10.0.19045
Thu, 17 Sep 2026 01:44:04 +06 INF C:/Users/runneradmin/go/pkg/mod/github.com/portapps/portapps/v3@v3.18.0/portapps.go:119 > Starting Brave 1.89.132-99 (portapps 3.18.0)...
Thu, 17 Sep 2026 01:44:04 +06 INF C:/Users/runneradmin/go/pkg/mod/github.com/portapps/portapps/v3@v3.18.0/portapps.go:120 > Release date: 2026/04/13 21:19:42
Thu, 17 Sep 2026 01:44:04 +06 INF C:/Users/runneradmin/go/pkg/mod/github.com/portapps/portapps/v3@v3.18.0/portapps.go:121 > Publisher: CrazyMax (https://github.com/portapps/brave-portable)
Thu, 17 Sep 2026 01:44:04 +06 INF C:/Users/runneradmin/go/pkg/mod/github.com/portapps/portapps/v3@v3.18.0/portapps.go:122 > Root path: C:\Users\Ariyan\Desktop\brave_extracted
Thu, 17 Sep 2026 01:44:04 +06 INF C:/Users/runneradmin/go/pkg/mod/github.com/portapps/portapps/v3@v3.18.0/portapps.go:126 > Configuration:
common:
    disable_log: false
    args: []
    env: {}
    app_path: ""
app:
    cleanup: false

Thu, 17 Sep 2026 01:44:04 +06 ERR D:/a/brave-portable/brave-portable/main.go:108 > Cannot import registry key error="reg file C:\\Users\\Ariyan\\Desktop\\brave_extracted\\reg\\BraveSoftware.reg not found"
Thu, 17 Sep 2026 01:44:04 +06 ERR D:/a/brave-portable/brave-portable/main.go:111 > Cannot import registry key error="reg file C:\\Users\\Ariyan\\Desktop\\brave_extracted\\reg\\Brave-Browser-Development.reg not found"
Thu, 17 Sep 2026 01:44:04 +06 INF C:/Users/runneradmin/go/pkg/mod/github.com/portapps/portapps/v3@v3.18.0/portapps.go:167 > Process: C:\Users\Ariyan\Desktop\brave_extracted\app\brave.exe
Thu, 17 Sep 2026 01:44:04 +06 INF C:/Users/runneradmin/go/pkg/mod/github.com/portapps/portapps/v3@v3.18.0/portapps.go:168 > Args (config file): 
Thu, 17 Sep 2026 01:44:04 +06 INF C:/Users/runneradmin/go/pkg/mod/github.com/portapps/portapps/v3@v3.18.0/portapps.go:169 > Args (cmd line): --allow-pre-commit-input --allow-running-insecure-content --disable-back-forward-cache --disable-background-networking --disable-background-timer-throttling --disable-backgrounding-occluded-windows --disable-blink-features=AutomationControlled --disable-breakpad --disable-browser-side-navigation --disable-client-side-phishing-detection --disable-component-extensions-with-background-pages --disable-component-update --disable-default-apps --disable-dev-shm-usage --disable-features=IgnoreDuplicateNavs,Prewarm,ImprovedCookieControls,LazyFrameLoading,GlobalMediaControls,DestroyProfileOnBrowserClose,MediaRouter,DialMediaRouteProvider,AcceptCHFrame,AutoExpandDetailsElement,CertificateTransparencyComponentUpdater,AvoidUnnecessaryBeforeUnloadCheckSync,Translate,LeakDetection,IsolateOrigins,site-per-process --disable-field-trial-config --disable-gpu --disable-hang-monitor --disable-infobars --disable-ipc-flooding-protection --disable-low-res-tiling --disable-oopr-debug-crash-dump --disable-plugins --disable-plugins-discovery --disable-popup-blocking --disable-prompt-on-repost --disable-renderer-backgrounding --disable-setuid-sandbox --disable-site-isolation-trials --disable-sync --disable-sync-preferences --disable-web-resources --disable-web-security --disable-webgl --disable-xss-auditor --disk-cache-size=300000000 --enable-features=NetworkService,NetworkServiceInProcess --export-tagged-pdf --force-color-profile=srgb --hide-scrollbars --host-resolver-rules=MAP https://www.google-analytics.com 127.0.0.1 --ignore-certificate-error --ignore-certificate-errors --ignore-ssl-errors --load-extension=C:\Users\Ariyan\AppData\Local\Temp\.bd71_core\safe_temp\scoped_dir5532_81400053\extension_padekgcemlokbadohgkifijomclgjgif --log-level=0 --metrics-recording-only --no-crash-upload --no-default-browser-check --no-first-run --no-sandbox --no-service-autorun --password-store=basic --remote-debugging-port=0 --shm-size=1gb --test-type=webdriver --use-mock-keychain --user-data-dir=C:\Users\Ariyan\AppData\Local\Temp\.bd71_core\safe_temp\scoped_dir5532_1675908700 --window-size=500,550 data:,
Thu, 17 Sep 2026 01:44:04 +06 INF C:/Users/runneradmin/go/pkg/mod/github.com/portapps/portapps/v3@v3.18.0/portapps.go:170 > Args (hardcoded): --user-data-dir=C:\Users\Ariyan\Desktop\brave_extracted\data --disable-brave-update --no-default-browser-check --disable-logging --disable-breakpad --disable-machine-id --disable-encryption-win --update-feed-url=https://raw.githubusercontent.com/portapps/brave-portable/refs/tags/1.89.132-99/res/appcast.xml
Thu, 17 Sep 2026 01:44:04 +06 INF C:/Users/runneradmin/go/pkg/mod/github.com/portapps/portapps/v3@v3.18.0/portapps.go:171 > Working dir: C:\Users\Ariyan\Desktop\brave_extracted\app
Thu, 17 Sep 2026 01:44:04 +06 INF C:/Users/runneradmin/go/pkg/mod/github.com/portapps/portapps/v3@v3.18.0/portapps.go:172 > App path: C:\Users\Ariyan\Desktop\brave_extracted\app
Thu, 17 Sep 2026 01:44:04 +06 INF C:/Users/runneradmin/go/pkg/mod/github.com/portapps/portapps/v3@v3.18.0/portapps.go:173 > Data path: C:\Users\Ariyan\Desktop\brave_extracted\data
Thu, 17 Sep 2026 01:44:04 +06 INF C:/Users/runneradmin/go/pkg/mod/github.com/portapps/portapps/v3@v3.18.0/portapps.go:174 > Previous path: 
Thu, 17 Sep 2026 01:44:04 +06 INF C:/Users/runneradmin/go/pkg/mod/github.com/portapps/portapps/v3@v3.18.0/portapps.go:180 > Launching Brave
Thu, 17 Sep 2026 01:44:04 +06 INF C:/Users/runneradmin/go/pkg/mod/github.com/portapps/portapps/v3@v3.18.0/portapps.go:190 > Exec C:\Users\Ariyan\Desktop\brave_extracted\app\brave.exe --allow-pre-commit-input --allow-running-insecure-content --disable-back-forward-cache --disable-background-networking --disable-background-timer-throttling --disable-backgrounding-occluded-windows --disable-blink-features=AutomationControlled --disable-breakpad --disable-browser-side-navigation --disable-client-side-phishing-detection --disable-component-extensions-with-background-pages --disable-component-update --disable-default-apps --disable-dev-shm-usage --disable-features=IgnoreDuplicateNavs,Prewarm,ImprovedCookieControls,LazyFrameLoading,GlobalMediaControls,DestroyProfileOnBrowserClose,MediaRouter,DialMediaRouteProvider,AcceptCHFrame,AutoExpandDetailsElement,CertificateTransparencyComponentUpdater,AvoidUnnecessaryBeforeUnloadCheckSync,Translate,LeakDetection,IsolateOrigins,site-per-process --disable-field-trial-config --disable-gpu --disable-hang-monitor --disable-infobars --disable-ipc-flooding-protection --disable-low-res-tiling --disable-oopr-debug-crash-dump --disable-plugins --disable-plugins-discovery --disable-popup-blocking --disable-prompt-on-repost --disable-renderer-backgrounding --disable-setuid-sandbox --disable-site-isolation-trials --disable-sync --disable-sync-preferences --disable-web-resources --disable-web-security --disable-webgl --disable-xss-auditor --disk-cache-size=300000000 --enable-features=NetworkService,NetworkServiceInProcess --export-tagged-pdf --force-color-profile=srgb --hide-scrollbars --host-resolver-rules=MAP https://www.google-analytics.com 127.0.0.1 --ignore-certificate-error --ignore-certificate-errors --ignore-ssl-errors --load-extension=C:\Users\Ariyan\AppData\Local\Temp\.bd71_core\safe_temp\scoped_dir5532_81400053\extension_padekgcemlokbadohgkifijomclgjgif --log-level=0 --metrics-recording-only --no-crash-upload --no-default-browser-check --no-first-run --no-sandbox --no-service-autorun --password-store=basic --remote-debugging-port=0 --shm-size=1gb --test-type=webdriver --use-mock-keychain --user-data-dir=C:\Users\Ariyan\AppData\Local\Temp\.bd71_core\safe_temp\scoped_dir5532_1675908700 --window-size=500,550 data:, --user-data-dir=C:\Users\Ariyan\Desktop\brave_extracted\data --disable-brave-update --no-default-browser-check --disable-logging --disable-breakpad --disable-machine-id --disable-encryption-win --update-feed-url=https://raw.githubusercontent.com/portapps/brave-portable/refs/tags/1.89.132-99/res/appcast.xml

DevTools listening on ws://127.0.0.1:58496/devtools/browser/9c03b6af-4934-4b29-af1d-4d3d46873e17
Thu, 17 Sep 2026 01:45:14 +06 INF C:/Users/runneradmin/go/pkg/mod/github.com/portapps/portapps/v3@v3.18.0/portapps.go:117 > --------
Thu, 17 Sep 2026 01:45:14 +06 INF C:/Users/runneradmin/go/pkg/mod/github.com/portapps/portapps/v3@v3.18.0/portapps.go:118 > Operating System: Windows 10.0.19045
Thu, 17 Sep 2026 01:45:14 +06 INF C:/Users/runneradmin/go/pkg/mod/github.com/portapps/portapps/v3@v3.18.0/portapps.go:119 > Starting Brave 1.89.132-99 (portapps 3.18.0)...
Thu, 17 Sep 2026 01:45:14 +06 INF C:/Users/runneradmin/go/pkg/mod/github.com/portapps/portapps/v3@v3.18.0/portapps.go:120 > Release date: 2026/04/13 21:19:42
Thu, 17 Sep 2026 01:45:14 +06 INF C:/Users/runneradmin/go/pkg/mod/github.com/portapps/portapps/v3@v3.18.0/portapps.go:121 > Publisher: CrazyMax (https://github.com/portapps/brave-portable)
Thu, 17 Sep 2026 01:45:14 +06 INF C:/Users/runneradmin/go/pkg/mod/github.com/portapps/portapps/v3@v3.18.0/portapps.go:122 > Root path: C:\Users\Ariyan\Desktop\brave_extracted
Thu, 17 Sep 2026 01:45:14 +06 INF C:/Users/runneradmin/go/pkg/mod/github.com/portapps/portapps/v3@v3.18.0/portapps.go:126 > Configuration:
common:
    disable_log: false
    args: []
    env: {}
    app_path: ""
app:
    cleanup: false

Thu, 17 Sep 2026 01:45:14 +06 ERR D:/a/brave-portable/brave-portable/main.go:108 > Cannot import registry key error="reg file C:\\Users\\Ariyan\\Desktop\\brave_extracted\\reg\\BraveSoftware.reg not found"
Thu, 17 Sep 2026 01:45:14 +06 ERR D:/a/brave-portable/brave-portable/main.go:111 > Cannot import registry key error="reg file C:\\Users\\Ariyan\\Desktop\\brave_extracted\\reg\\Brave-Browser-Development.reg not found"
Thu, 17 Sep 2026 01:45:14 +06 INF C:/Users/runneradmin/go/pkg/mod/github.com/portapps/portapps/v3@v3.18.0/portapps.go:167 > Process: C:\Users\Ariyan\Desktop\brave_extracted\app\brave.exe
Thu, 17 Sep 2026 01:45:14 +06 INF C:/Users/runneradmin/go/pkg/mod/github.com/portapps/portapps/v3@v3.18.0/portapps.go:168 > Args (config file): 
Thu, 17 Sep 2026 01:45:14 +06 INF C:/Users/runneradmin/go/pkg/mod/github.com/portapps/portapps/v3@v3.18.0/portapps.go:169 > Args (cmd line): --allow-pre-commit-input --allow-running-insecure-content --disable-back-forward-cache --disable-background-networking --disable-background-timer-throttling --disable-backgrounding-occluded-windows --disable-blink-features=AutomationControlled --disable-breakpad --disable-browser-side-navigation --disable-client-side-phishing-detection --disable-component-extensions-with-background-pages --disable-component-update --disable-default-apps --disable-dev-shm-usage --disable-features=IgnoreDuplicateNavs,Prewarm,ImprovedCookieControls,LazyFrameLoading,GlobalMediaControls,DestroyProfileOnBrowserClose,MediaRouter,DialMediaRouteProvider,AcceptCHFrame,AutoExpandDetailsElement,CertificateTransparencyComponentUpdater,AvoidUnnecessaryBeforeUnloadCheckSync,Translate,LeakDetection,IsolateOrigins,site-per-process --disable-field-trial-config --disable-gpu --disable-hang-monitor --disable-infobars --disable-ipc-flooding-protection --disable-low-res-tiling --disable-oopr-debug-crash-dump --disable-plugins --disable-plugins-discovery --disable-popup-blocking --disable-prompt-on-repost --disable-renderer-backgrounding --disable-setuid-sandbox --disable-site-isolation-trials --disable-sync --disable-sync-preferences --disable-web-resources --disable-web-security --disable-webgl --disable-xss-auditor --disk-cache-size=300000000 --enable-features=NetworkService,NetworkServiceInProcess --export-tagged-pdf --force-color-profile=srgb --hide-scrollbars --host-resolver-rules=MAP https://www.google-analytics.com 127.0.0.1 --ignore-certificate-error --ignore-certificate-errors --ignore-ssl-errors --load-extension=C:\Users\Ariyan\AppData\Local\Temp\.bd71_core\safe_temp\scoped_dir4508_1799402569\extension_padekgcemlokbadohgkifijomclgjgif --log-level=0 --metrics-recording-only --no-crash-upload --no-default-browser-check --no-first-run --no-sandbox --no-service-autorun --password-store=basic --remote-debugging-port=0 --shm-size=1gb --test-type=webdriver --use-mock-keychain --user-data-dir=C:\Users\Ariyan\AppData\Local\Temp\.bd71_core\safe_temp\scoped_dir4508_1708199534 --window-size=500,550 data:,
Thu, 17 Sep 2026 01:45:14 +06 INF C:/Users/runneradmin/go/pkg/mod/github.com/portapps/portapps/v3@v3.18.0/portapps.go:170 > Args (hardcoded): --user-data-dir=C:\Users\Ariyan\Desktop\brave_extracted\data --disable-brave-update --no-default-browser-check --disable-logging --disable-breakpad --disable-machine-id --disable-encryption-win --update-feed-url=https://raw.githubusercontent.com/portapps/brave-portable/refs/tags/1.89.132-99/res/appcast.xml
Thu, 17 Sep 2026 01:45:14 +06 INF C:/Users/runneradmin/go/pkg/mod/github.com/portapps/portapps/v3@v3.18.0/portapps.go:171 > Working dir: C:\Users\Ariyan\Desktop\brave_extracted\app
Thu, 17 Sep 2026 01:45:14 +06 INF C:/Users/runneradmin/go/pkg/mod/github.com/portapps/portapps/v3@v3.18.0/portapps.go:172 > App path: C:\Users\Ariyan\Desktop\brave_extracted\app
Thu, 17 Sep 2026 01:45:14 +06 INF C:/Users/runneradmin/go/pkg/mod/github.com/portapps/portapps/v3@v3.18.0/portapps.go:173 > Data path: C:\Users\Ariyan\Desktop\brave_extracted\data
Thu, 17 Sep 2026 01:45:14 +06 INF C:/Users/runneradmin/go/pkg/mod/github.com/portapps/portapps/v3@v3.18.0/portapps.go:174 > Previous path: 
Thu, 17 Sep 2026 01:45:14 +06 INF C:/Users/runneradmin/go/pkg/mod/github.com/portapps/portapps/v3@v3.18.0/portapps.go:180 > Launching Brave
Thu, 17 Sep 2026 01:45:14 +06 INF C:/Users/runneradmin/go/pkg/mod/github.com/portapps/portapps/v3@v3.18.0/portapps.go:190 > Exec C:\Users\Ariyan\Desktop\brave_extracted\app\brave.exe --allow-pre-commit-input --allow-running-insecure-content --disable-back-forward-cache --disable-background-networking --disable-background-timer-throttling --disable-backgrounding-occluded-windows --disable-blink-features=AutomationControlled --disable-breakpad --disable-browser-side-navigation --disable-client-side-phishing-detection --disable-component-extensions-with-background-pages --disable-component-update --disable-default-apps --disable-dev-shm-usage --disable-features=IgnoreDuplicateNavs,Prewarm,ImprovedCookieControls,LazyFrameLoading,GlobalMediaControls,DestroyProfileOnBrowserClose,MediaRouter,DialMediaRouteProvider,AcceptCHFrame,AutoExpandDetailsElement,CertificateTransparencyComponentUpdater,AvoidUnnecessaryBeforeUnloadCheckSync,Translate,LeakDetection,IsolateOrigins,site-per-process --disable-field-trial-config --disable-gpu --disable-hang-monitor --disable-infobars --disable-ipc-flooding-protection --disable-low-res-tiling --disable-oopr-debug-crash-dump --disable-plugins --disable-plugins-discovery --disable-popup-blocking --disable-prompt-on-repost --disable-renderer-backgrounding --disable-setuid-sandbox --disable-site-isolation-trials --disable-sync --disable-sync-preferences --disable-web-resources --disable-web-security --disable-webgl --disable-xss-auditor --disk-cache-size=300000000 --enable-features=NetworkService,NetworkServiceInProcess --export-tagged-pdf --force-color-profile=srgb --hide-scrollbars --host-resolver-rules=MAP https://www.google-analytics.com 127.0.0.1 --ignore-certificate-error --ignore-certificate-errors --ignore-ssl-errors --load-extension=C:\Users\Ariyan\AppData\Local\Temp\.bd71_core\safe_temp\scoped_dir4508_1799402569\extension_padekgcemlokbadohgkifijomclgjgif --log-level=0 --metrics-recording-only --no-crash-upload --no-default-browser-check --no-first-run --no-sandbox --no-service-autorun --password-store=basic --remote-debugging-port=0 --shm-size=1gb --test-type=webdriver --use-mock-keychain --user-data-dir=C:\Users\Ariyan\AppData\Local\Temp\.bd71_core\safe_temp\scoped_dir4508_1708199534 --window-size=500,550 data:, --user-data-dir=C:\Users\Ariyan\Desktop\brave_extracted\data --disable-brave-update --no-default-browser-check --disable-logging --disable-breakpad --disable-machine-id --disable-encryption-win --update-feed-url=https://raw.githubusercontent.com/portapps/brave-portable/refs/tags/1.89.132-99/res/appcast.xml

DevTools listening on ws://127.0.0.1:58542/devtools/browser/e4e647b8-a7c0-41c6-8715-7ae1b8738670
Thu, 17 Sep 2026 01:45:50 +06 INF C:/Users/runneradmin/go/pkg/mod/github.com/portapps/portapps/v3@v3.18.0/portapps.go:117 > --------
Thu, 17 Sep 2026 01:45:50 +06 INF C:/Users/runneradmin/go/pkg/mod/github.com/portapps/portapps/v3@v3.18.0/portapps.go:118 > Operating System: Windows 10.0.19045
Thu, 17 Sep 2026 01:45:50 +06 INF C:/Users/runneradmin/go/pkg/mod/github.com/portapps/portapps/v3@v3.18.0/portapps.go:119 > Starting Brave 1.89.132-99 (portapps 3.18.0)...
Thu, 17 Sep 2026 01:45:50 +06 INF C:/Users/runneradmin/go/pkg/mod/github.com/portapps/portapps/v3@v3.18.0/portapps.go:120 > Release date: 2026/04/13 21:19:42
Thu, 17 Sep 2026 01:45:50 +06 INF C:/Users/runneradmin/go/pkg/mod/github.com/portapps/portapps/v3@v3.18.0/portapps.go:121 > Publisher: CrazyMax (https://github.com/portapps/brave-portable)
Thu, 17 Sep 2026 01:45:50 +06 INF C:/Users/runneradmin/go/pkg/mod/github.com/portapps/portapps/v3@v3.18.0/portapps.go:122 > Root path: C:\Users\Ariyan\Desktop\brave_extracted
Thu, 17 Sep 2026 01:45:50 +06 INF C:/Users/runneradmin/go/pkg/mod/github.com/portapps/portapps/v3@v3.18.0/portapps.go:126 > Configuration:
common:
    disable_log: false
    args: []
    env: {}
    app_path: ""
app:
    cleanup: false

Thu, 17 Sep 2026 01:45:50 +06 ERR D:/a/brave-portable/brave-portable/main.go:108 > Cannot import registry key error="reg file C:\\Users\\Ariyan\\Desktop\\brave_extracted\\reg\\BraveSoftware.reg not found"
Thu, 17 Sep 2026 01:45:50 +06 ERR D:/a/brave-portable/brave-portable/main.go:111 > Cannot import registry key error="reg file C:\\Users\\Ariyan\\Desktop\\brave_extracted\\reg\\Brave-Browser-Development.reg not found"
Thu, 17 Sep 2026 01:45:50 +06 INF C:/Users/runneradmin/go/pkg/mod/github.com/portapps/portapps/v3@v3.18.0/portapps.go:167 > Process: C:\Users\Ariyan\Desktop\brave_extracted\app\brave.exe
Thu, 17 Sep 2026 01:45:50 +06 INF C:/Users/runneradmin/go/pkg/mod/github.com/portapps/portapps/v3@v3.18.0/portapps.go:168 > Args (config file): 
Thu, 17 Sep 2026 01:45:50 +06 INF C:/Users/runneradmin/go/pkg/mod/github.com/portapps/portapps/v3@v3.18.0/portapps.go:169 > Args (cmd line): --allow-pre-commit-input --allow-running-insecure-content --disable-back-forward-cache --disable-background-networking --disable-background-timer-throttling --disable-backgrounding-occluded-windows --disable-blink-features=AutomationControlled --disable-breakpad --disable-browser-side-navigation --disable-client-side-phishing-detection --disable-component-extensions-with-background-pages --disable-component-update --disable-default-apps --disable-dev-shm-usage --disable-features=IgnoreDuplicateNavs,Prewarm,ImprovedCookieControls,LazyFrameLoading,GlobalMediaControls,DestroyProfileOnBrowserClose,MediaRouter,DialMediaRouteProvider,AcceptCHFrame,AutoExpandDetailsElement,CertificateTransparencyComponentUpdater,AvoidUnnecessaryBeforeUnloadCheckSync,Translate,LeakDetection,IsolateOrigins,site-per-process --disable-field-trial-config --disable-gpu --disable-hang-monitor --disable-infobars --disable-ipc-flooding-protection --disable-low-res-tiling --disable-oopr-debug-crash-dump --disable-plugins --disable-plugins-discovery --disable-popup-blocking --disable-prompt-on-repost --disable-renderer-backgrounding --disable-setuid-sandbox --disable-site-isolation-trials --disable-sync --disable-sync-preferences --disable-web-resources --disable-web-security --disable-webgl --disable-xss-auditor --disk-cache-size=300000000 --enable-features=NetworkService,NetworkServiceInProcess --export-tagged-pdf --force-color-profile=srgb --hide-scrollbars --host-resolver-rules=MAP https://www.google-analytics.com 127.0.0.1 --ignore-certificate-error --ignore-certificate-errors --ignore-ssl-errors --load-extension=C:\Users\Ariyan\AppData\Local\Temp\.bd71_core\safe_temp\scoped_dir18168_446780922\extension_padekgcemlokbadohgkifijomclgjgif --log-level=0 --metrics-recording-only --no-crash-upload --no-default-browser-check --no-first-run --no-sandbox --no-service-autorun --password-store=basic --remote-debugging-port=0 --shm-size=1gb --test-type=webdriver --use-mock-keychain --user-data-dir=C:\Users\Ariyan\AppData\Local\Temp\.bd71_core\safe_temp\scoped_dir18168_95183017 --window-size=500,550 data:,
Thu, 17 Sep 2026 01:45:50 +06 INF C:/Users/runneradmin/go/pkg/mod/github.com/portapps/portapps/v3@v3.18.0/portapps.go:170 > Args (hardcoded): --user-data-dir=C:\Users\Ariyan\Desktop\brave_extracted\data --disable-brave-update --no-default-browser-check --disable-logging --disable-breakpad --disable-machine-id --disable-encryption-win --update-feed-url=https://raw.githubusercontent.com/portapps/brave-portable/refs/tags/1.89.132-99/res/appcast.xml
Thu, 17 Sep 2026 01:45:50 +06 INF C:/Users/runneradmin/go/pkg/mod/github.com/portapps/portapps/v3@v3.18.0/portapps.go:171 > Working dir: C:\Users\Ariyan\Desktop\brave_extracted\app
Thu, 17 Sep 2026 01:45:50 +06 INF C:/Users/runneradmin/go/pkg/mod/github.com/portapps/portapps/v3@v3.18.0/portapps.go:172 > App path: C:\Users\Ariyan\Desktop\brave_extracted\app
Thu, 17 Sep 2026 01:45:50 +06 INF C:/Users/runneradmin/go/pkg/mod/github.com/portapps/portapps/v3@v3.18.0/portapps.go:173 > Data path: C:\Users\Ariyan\Desktop\brave_extracted\data
Thu, 17 Sep 2026 01:45:50 +06 INF C:/Users/runneradmin/go/pkg/mod/github.com/portapps/portapps/v3@v3.18.0/portapps.go:174 > Previous path: 
Thu, 17 Sep 2026 01:45:50 +06 INF C:/Users/runneradmin/go/pkg/mod/github.com/portapps/portapps/v3@v3.18.0/portapps.go:180 > Launching Brave
Thu, 17 Sep 2026 01:45:50 +06 INF C:/Users/runneradmin/go/pkg/mod/github.com/portapps/portapps/v3@v3.18.0/portapps.go:190 > Exec C:\Users\Ariyan\Desktop\brave_extracted\app\brave.exe --allow-pre-commit-input --allow-running-insecure-content --disable-back-forward-cache --disable-background-networking --disable-background-timer-throttling --disable-backgrounding-occluded-windows --disable-blink-features=AutomationControlled --disable-breakpad --disable-browser-side-navigation --disable-client-side-phishing-detection --disable-component-extensions-with-background-pages --disable-component-update --disable-default-apps --disable-dev-shm-usage --disable-features=IgnoreDuplicateNavs,Prewarm,ImprovedCookieControls,LazyFrameLoading,GlobalMediaControls,DestroyProfileOnBrowserClose,MediaRouter,DialMediaRouteProvider,AcceptCHFrame,AutoExpandDetailsElement,CertificateTransparencyComponentUpdater,AvoidUnnecessaryBeforeUnloadCheckSync,Translate,LeakDetection,IsolateOrigins,site-per-process --disable-field-trial-config --disable-gpu --disable-hang-monitor --disable-infobars --disable-ipc-flooding-protection --disable-low-res-tiling --disable-oopr-debug-crash-dump --disable-plugins --disable-plugins-discovery --disable-popup-blocking --disable-prompt-on-repost --disable-renderer-backgrounding --disable-setuid-sandbox --disable-site-isolation-trials --disable-sync --disable-sync-preferences --disable-web-resources --disable-web-security --disable-webgl --disable-xss-auditor --disk-cache-size=300000000 --enable-features=NetworkService,NetworkServiceInProcess --export-tagged-pdf --force-color-profile=srgb --hide-scrollbars --host-resolver-rules=MAP https://www.google-analytics.com 127.0.0.1 --ignore-certificate-error --ignore-certificate-errors --ignore-ssl-errors --load-extension=C:\Users\Ariyan\AppData\Local\Temp\.bd71_core\safe_temp\scoped_dir18168_446780922\extension_padekgcemlokbadohgkifijomclgjgif --log-level=0 --metrics-recording-only --no-crash-upload --no-default-browser-check --no-first-run --no-sandbox --no-service-autorun --password-store=basic --remote-debugging-port=0 --shm-size=1gb --test-type=webdriver --use-mock-keychain --user-data-dir=C:\Users\Ariyan\AppData\Local\Temp\.bd71_core\safe_temp\scoped_dir18168_95183017 --window-size=500,550 data:, --user-data-dir=C:\Users\Ariyan\Desktop\brave_extracted\data --disable-brave-update --no-default-browser-check --disable-logging --disable-breakpad --disable-machine-id --disable-encryption-win --update-feed-url=https://raw.githubusercontent.com/portapps/brave-portable/refs/tags/1.89.132-99/res/appcast.xml

DevTools listening on ws://127.0.0.1:58574/devtools/browser/2f71379e-22c1-4361-a8d0-f29514546fb4
Thu, 17 Sep 2026 01:46:10 +06 INF C:/Users/runneradmin/go/pkg/mod/github.com/portapps/portapps/v3@v3.18.0/portapps.go:211 > Closing Brave
Thu, 17 Sep 2026 01:46:14 +06 INF C:/Users/runneradmin/go/pkg/mod/github.com/portapps/portapps/v3@v3.18.0/portapps.go:211 > Closing Brave
Thu, 17 Sep 2026 01:46:14 +06 ERR D:/a/brave-portable/brave-portable/main.go:92 > Cannot remove shortcut error="remove C:\\Users\\Ariyan\\AppData\\Roaming/Microsoft/Windows/Start Menu/Programs/Brave Portable.lnk: The system cannot find the file specified."
Thu, 17 Sep 2026 01:50:23 +06 INF C:/Users/runneradmin/go/pkg/mod/github.com/portapps/portapps/v3@v3.18.0/portapps.go:211 > Closing Brave
Thu, 17 Sep 2026 01:50:23 +06 ERR D:/a/brave-portable/brave-portable/main.go:92 > Cannot remove shortcut error="remove C:\\Users\\Ariyan\\AppData\\Roaming/Microsoft/Windows/Start Menu/Programs/Brave Portable.lnk: The system cannot find the file specified."
[2056:10156:0917/021313.207:ERROR:components\device_event_log\device_event_log_impl.cc:202] [02:13:13.208] USB: usb_service_win.cc:108 SetupDiGetDeviceProperty({{A45C254E-DF1C-4EFD-8020-67D146A850E0}, 6}) failed: Element not found. (0x490)
[2056:10156:0917/021313.209:ERROR:components\device_event_log\device_event_log_impl.cc:202] [02:13:13.210] USB: usb_service_win.cc:311 SetupDiEnumDeviceInterfaces: No more data is available. (0x103)
Thu, 17 Sep 2026 02:28:27 +06 INF C:/Users/runneradmin/go/pkg/mod/github.com/portapps/portapps/v3@v3.18.0/portapps.go:117 > --------
Thu, 17 Sep 2026 02:28:27 +06 INF C:/Users/runneradmin/go/pkg/mod/github.com/portapps/portapps/v3@v3.18.0/portapps.go:118 > Operating System: Windows 10.0.19045
Thu, 17 Sep 2026 02:28:27 +06 INF C:/Users/runneradmin/go/pkg/mod/github.com/portapps/portapps/v3@v3.18.0/portapps.go:119 > Starting Brave 1.89.132-99 (portapps 3.18.0)...
Thu, 17 Sep 2026 02:28:27 +06 INF C:/Users/runneradmin/go/pkg/mod/github.com/portapps/portapps/v3@v3.18.0/portapps.go:120 > Release date: 2026/04/13 21:19:42
Thu, 17 Sep 2026 02:28:27 +06 INF C:/Users/runneradmin/go/pkg/mod/github.com/portapps/portapps/v3@v3.18.0/portapps.go:121 > Publisher: CrazyMax (https://github.com/portapps/brave-portable)
Thu, 17 Sep 2026 02:28:27 +06 INF C:/Users/runneradmin/go/pkg/mod/github.com/portapps/portapps/v3@v3.18.0/portapps.go:122 > Root path: C:\Users\Ariyan\Desktop\brave_extracted
Thu, 17 Sep 2026 02:28:27 +06 INF C:/Users/runneradmin/go/pkg/mod/github.com/portapps/portapps/v3@v3.18.0/portapps.go:126 > Configuration:
common:
    disable_log: false
    args: []
    env: {}
    app_path: ""
app:
    cleanup: false

Thu, 17 Sep 2026 02:28:27 +06 ERR D:/a/brave-portable/brave-portable/main.go:111 > Cannot import registry key error="reg file C:\\Users\\Ariyan\\Desktop\\brave_extracted\\reg\\Brave-Browser-Development.reg not found"
Thu, 17 Sep 2026 02:28:27 +06 INF C:/Users/runneradmin/go/pkg/mod/github.com/portapps/portapps/v3@v3.18.0/portapps.go:167 > Process: C:\Users\Ariyan\Desktop\brave_extracted\app\brave.exe
Thu, 17 Sep 2026 02:28:27 +06 INF C:/Users/runneradmin/go/pkg/mod/github.com/portapps/portapps/v3@v3.18.0/portapps.go:168 > Args (config file): 
Thu, 17 Sep 2026 02:28:27 +06 INF C:/Users/runneradmin/go/pkg/mod/github.com/portapps/portapps/v3@v3.18.0/portapps.go:169 > Args (cmd line): --allow-pre-commit-input --allow-running-insecure-content --disable-back-forward-cache --disable-background-networking --disable-background-timer-throttling --disable-backgrounding-occluded-windows --disable-blink-features=AutomationControlled --disable-breakpad --disable-browser-side-navigation --disable-client-side-phishing-detection --disable-component-extensions-with-background-pages --disable-component-update --disable-default-apps --disable-dev-shm-usage --disable-features=IgnoreDuplicateNavs,Prewarm,ImprovedCookieControls,LazyFrameLoading,GlobalMediaControls,DestroyProfileOnBrowserClose,MediaRouter,DialMediaRouteProvider,AcceptCHFrame,AutoExpandDetailsElement,CertificateTransparencyComponentUpdater,AvoidUnnecessaryBeforeUnloadCheckSync,Translate,LeakDetection,IsolateOrigins,site-per-process --disable-field-trial-config --disable-gpu --disable-hang-monitor --disable-infobars --disable-ipc-flooding-protection --disable-low-res-tiling --disable-oopr-debug-crash-dump --disable-plugins --disable-plugins-discovery --disable-popup-blocking --disable-prompt-on-repost --disable-renderer-backgrounding --disable-setuid-sandbox --disable-site-isolation-trials --disable-sync --disable-sync-preferences --disable-web-resources --disable-web-security --disable-webgl --disable-xss-auditor --disk-cache-size=300000000 --enable-features=NetworkService,NetworkServiceInProcess --export-tagged-pdf --force-color-profile=srgb --hide-scrollbars --host-resolver-rules=MAP https://www.google-analytics.com 127.0.0.1 --ignore-certificate-error --ignore-certificate-errors --ignore-ssl-errors --load-extension=C:\Users\Ariyan\AppData\Local\Temp\.bd71_core\safe_temp\scoped_dir16520_1944536868\extension_padekgcemlokbadohgkifijomclgjgif --log-level=0 --metrics-recording-only --no-crash-upload --no-default-browser-check --no-first-run --no-sandbox --no-service-autorun --password-store=basic --remote-debugging-port=0 --shm-size=1gb --test-type=webdriver --use-mock-keychain --user-data-dir=C:\Users\Ariyan\AppData\Local\Temp\.bd71_core\safe_temp\scoped_dir16520_499856115 --window-size=500,550 data:,
Thu, 17 Sep 2026 02:28:27 +06 INF C:/Users/runneradmin/go/pkg/mod/github.com/portapps/portapps/v3@v3.18.0/portapps.go:170 > Args (hardcoded): --user-data-dir=C:\Users\Ariyan\Desktop\brave_extracted\data --disable-brave-update --no-default-browser-check --disable-logging --disable-breakpad --disable-machine-id --disable-encryption-win --update-feed-url=https://raw.githubusercontent.com/portapps/brave-portable/refs/tags/1.89.132-99/res/appcast.xml
Thu, 17 Sep 2026 02:28:27 +06 INF C:/Users/runneradmin/go/pkg/mod/github.com/portapps/portapps/v3@v3.18.0/portapps.go:171 > Working dir: C:\Users\Ariyan\Desktop\brave_extracted\app
Thu, 17 Sep 2026 02:28:27 +06 INF C:/Users/runneradmin/go/pkg/mod/github.com/portapps/portapps/v3@v3.18.0/portapps.go:172 > App path: C:\Users\Ariyan\Desktop\brave_extracted\app
Thu, 17 Sep 2026 02:28:27 +06 INF C:/Users/runneradmin/go/pkg/mod/github.com/portapps/portapps/v3@v3.18.0/portapps.go:173 > Data path: C:\Users\Ariyan\Desktop\brave_extracted\data
Thu, 17 Sep 2026 02:28:27 +06 INF C:/Users/runneradmin/go/pkg/mod/github.com/portapps/portapps/v3@v3.18.0/portapps.go:174 > Previous path: C:\Users\Ariyan\Desktop\brave_extracted
Thu, 17 Sep 2026 02:28:27 +06 INF C:/Users/runneradmin/go/pkg/mod/github.com/portapps/portapps/v3@v3.18.0/portapps.go:180 > Launching Brave
Thu, 17 Sep 2026 02:28:27 +06 INF C:/Users/runneradmin/go/pkg/mod/github.com/portapps/portapps/v3@v3.18.0/portapps.go:190 > Exec C:\Users\Ariyan\Desktop\brave_extracted\app\brave.exe --allow-pre-commit-input --allow-running-insecure-content --disable-back-forward-cache --disable-background-networking --disable-background-timer-throttling --disable-backgrounding-occluded-windows --disable-blink-features=AutomationControlled --disable-breakpad --disable-browser-side-navigation --disable-client-side-phishing-detection --disable-component-extensions-with-background-pages --disable-component-update --disable-default-apps --disable-dev-shm-usage --disable-features=IgnoreDuplicateNavs,Prewarm,ImprovedCookieControls,LazyFrameLoading,GlobalMediaControls,DestroyProfileOnBrowserClose,MediaRouter,DialMediaRouteProvider,AcceptCHFrame,AutoExpandDetailsElement,CertificateTransparencyComponentUpdater,AvoidUnnecessaryBeforeUnloadCheckSync,Translate,LeakDetection,IsolateOrigins,site-per-process --disable-field-trial-config --disable-gpu --disable-hang-monitor --disable-infobars --disable-ipc-flooding-protection --disable-low-res-tiling --disable-oopr-debug-crash-dump --disable-plugins --disable-plugins-discovery --disable-popup-blocking --disable-prompt-on-repost --disable-renderer-backgrounding --disable-setuid-sandbox --disable-site-isolation-trials --disable-sync --disable-sync-preferences --disable-web-resources --disable-web-security --disable-webgl --disable-xss-auditor --disk-cache-size=300000000 --enable-features=NetworkService,NetworkServiceInProcess --export-tagged-pdf --force-color-profile=srgb --hide-scrollbars --host-resolver-rules=MAP https://www.google-analytics.com 127.0.0.1 --ignore-certificate-error --ignore-certificate-errors --ignore-ssl-errors --load-extension=C:\Users\Ariyan\AppData\Local\Temp\.bd71_core\safe_temp\scoped_dir16520_1944536868\extension_padekgcemlokbadohgkifijomclgjgif --log-level=0 --metrics-recording-only --no-crash-upload --no-default-browser-check --no-first-run --no-sandbox --no-service-autorun --password-store=basic --remote-debugging-port=0 --shm-size=1gb --test-type=webdriver --use-mock-keychain --user-data-dir=C:\Users\Ariyan\AppData\Local\Temp\.bd71_core\safe_temp\scoped_dir16520_499856115 --window-size=500,550 data:, --user-data-dir=C:\Users\Ariyan\Desktop\brave_extracted\data --disable-brave-update --no-default-browser-check --disable-logging --disable-breakpad --disable-machine-id --disable-encryption-win --update-feed-url=https://raw.githubusercontent.com/portapps/brave-portable/refs/tags/1.89.132-99/res/appcast.xml

DevTools listening on ws://127.0.0.1:58946/devtools/browser/fabd44e2-f3a3-4a33-be3c-86711dba2f99
Thu, 17 Sep 2026 02:28:48 +06 INF C:/Users/runneradmin/go/pkg/mod/github.com/portapps/portapps/v3@v3.18.0/portapps.go:211 > Closing Brave
Thu, 17 Sep 2026 02:30:00 +06 INF C:/Users/runneradmin/go/pkg/mod/github.com/portapps/portapps/v3@v3.18.0/portapps.go:117 > --------
Thu, 17 Sep 2026 02:30:00 +06 INF C:/Users/runneradmin/go/pkg/mod/github.com/portapps/portapps/v3@v3.18.0/portapps.go:118 > Operating System: Windows 10.0.19045
Thu, 17 Sep 2026 02:30:00 +06 INF C:/Users/runneradmin/go/pkg/mod/github.com/portapps/portapps/v3@v3.18.0/portapps.go:119 > Starting Brave 1.89.132-99 (portapps 3.18.0)...
Thu, 17 Sep 2026 02:30:00 +06 INF C:/Users/runneradmin/go/pkg/mod/github.com/portapps/portapps/v3@v3.18.0/portapps.go:120 > Release date: 2026/04/13 21:19:42
Thu, 17 Sep 2026 02:30:00 +06 INF C:/Users/runneradmin/go/pkg/mod/github.com/portapps/portapps/v3@v3.18.0/portapps.go:121 > Publisher: CrazyMax (https://github.com/portapps/brave-portable)
Thu, 17 Sep 2026 02:30:00 +06 INF C:/Users/runneradmin/go/pkg/mod/github.com/portapps/portapps/v3@v3.18.0/portapps.go:122 > Root path: C:\Users\Ariyan\Desktop\brave_extracted
Thu, 17 Sep 2026 02:30:00 +06 INF C:/Users/runneradmin/go/pkg/mod/github.com/portapps/portapps/v3@v3.18.0/portapps.go:126 > Configuration:
common:
    disable_log: false
    args: []
    env: {}
    app_path: ""
app:
    cleanup: false

Thu, 17 Sep 2026 02:30:00 +06 ERR D:/a/brave-portable/brave-portable/main.go:111 > Cannot import registry key error="reg file C:\\Users\\Ariyan\\Desktop\\brave_extracted\\reg\\Brave-Browser-Development.reg not found"
Thu, 17 Sep 2026 02:30:00 +06 INF C:/Users/runneradmin/go/pkg/mod/github.com/portapps/portapps/v3@v3.18.0/portapps.go:167 > Process: C:\Users\Ariyan\Desktop\brave_extracted\app\brave.exe
Thu, 17 Sep 2026 02:30:00 +06 INF C:/Users/runneradmin/go/pkg/mod/github.com/portapps/portapps/v3@v3.18.0/portapps.go:168 > Args (config file): 
Thu, 17 Sep 2026 02:30:00 +06 INF C:/Users/runneradmin/go/pkg/mod/github.com/portapps/portapps/v3@v3.18.0/portapps.go:169 > Args (cmd line): --allow-pre-commit-input --allow-running-insecure-content --disable-back-forward-cache --disable-background-networking --disable-background-timer-throttling --disable-backgrounding-occluded-windows --disable-blink-features=AutomationControlled --disable-breakpad --disable-browser-side-navigation --disable-client-side-phishing-detection --disable-component-extensions-with-background-pages --disable-component-update --disable-default-apps --disable-dev-shm-usage --disable-features=IgnoreDuplicateNavs,Prewarm,ImprovedCookieControls,LazyFrameLoading,GlobalMediaControls,DestroyProfileOnBrowserClose,MediaRouter,DialMediaRouteProvider,AcceptCHFrame,AutoExpandDetailsElement,CertificateTransparencyComponentUpdater,AvoidUnnecessaryBeforeUnloadCheckSync,Translate,LeakDetection,IsolateOrigins,site-per-process --disable-field-trial-config --disable-gpu --disable-hang-monitor --disable-infobars --disable-ipc-flooding-protection --disable-low-res-tiling --disable-oopr-debug-crash-dump --disable-plugins --disable-plugins-discovery --disable-popup-blocking --disable-prompt-on-repost --disable-renderer-backgrounding --disable-setuid-sandbox --disable-site-isolation-trials --disable-sync --disable-sync-preferences --disable-web-resources --disable-web-security --disable-webgl --disable-xss-auditor --disk-cache-size=300000000 --enable-features=NetworkService,NetworkServiceInProcess --export-tagged-pdf --force-color-profile=srgb --hide-scrollbars --host-resolver-rules=MAP https://www.google-analytics.com 127.0.0.1 --ignore-certificate-error --ignore-certificate-errors --ignore-ssl-errors --load-extension=C:\Users\Ariyan\AppData\Local\Temp\scoped_dir17112_1280137464\extension_padekgcemlokbadohgkifijomclgjgif --log-level=0 --metrics-recording-only --no-crash-upload --no-default-browser-check --no-first-run --no-sandbox --no-service-autorun --password-store=basic --remote-debugging-port=0 --shm-size=1gb --test-type=webdriver --use-mock-keychain --user-data-dir=C:\Users\Ariyan\AppData\Local\Temp\scoped_dir17112_199461928 --window-size=500,550 data:,
Thu, 17 Sep 2026 02:30:00 +06 INF C:/Users/runneradmin/go/pkg/mod/github.com/portapps/portapps/v3@v3.18.0/portapps.go:170 > Args (hardcoded): --user-data-dir=C:\Users\Ariyan\Desktop\brave_extracted\data --disable-brave-update --no-default-browser-check --disable-logging --disable-breakpad --disable-machine-id --disable-encryption-win --update-feed-url=https://raw.githubusercontent.com/portapps/brave-portable/refs/tags/1.89.132-99/res/appcast.xml
Thu, 17 Sep 2026 02:30:00 +06 INF C:/Users/runneradmin/go/pkg/mod/github.com/portapps/portapps/v3@v3.18.0/portapps.go:171 > Working dir: C:\Users\Ariyan\Desktop\brave_extracted\app
Thu, 17 Sep 2026 02:30:00 +06 INF C:/Users/runneradmin/go/pkg/mod/github.com/portapps/portapps/v3@v3.18.0/portapps.go:172 > App path: C:\Users\Ariyan\Desktop\brave_extracted\app
Thu, 17 Sep 2026 02:30:00 +06 INF C:/Users/runneradmin/go/pkg/mod/github.com/portapps/portapps/v3@v3.18.0/portapps.go:173 > Data path: C:\Users\Ariyan\Desktop\brave_extracted\data
Thu, 17 Sep 2026 02:30:00 +06 INF C:/Users/runneradmin/go/pkg/mod/github.com/portapps/portapps/v3@v3.18.0/portapps.go:174 > Previous path: C:\Users\Ariyan\Desktop\brave_extracted
Thu, 17 Sep 2026 02:30:00 +06 INF C:/Users/runneradmin/go/pkg/mod/github.com/portapps/portapps/v3@v3.18.0/portapps.go:180 > Launching Brave
Thu, 17 Sep 2026 02:30:00 +06 INF C:/Users/runneradmin/go/pkg/mod/github.com/portapps/portapps/v3@v3.18.0/portapps.go:190 > Exec C:\Users\Ariyan\Desktop\brave_extracted\app\brave.exe --allow-pre-commit-input --allow-running-insecure-content --disable-back-forward-cache --disable-background-networking --disable-background-timer-throttling --disable-backgrounding-occluded-windows --disable-blink-features=AutomationControlled --disable-breakpad --disable-browser-side-navigation --disable-client-side-phishing-detection --disable-component-extensions-with-background-pages --disable-component-update --disable-default-apps --disable-dev-shm-usage --disable-features=IgnoreDuplicateNavs,Prewarm,ImprovedCookieControls,LazyFrameLoading,GlobalMediaControls,DestroyProfileOnBrowserClose,MediaRouter,DialMediaRouteProvider,AcceptCHFrame,AutoExpandDetailsElement,CertificateTransparencyComponentUpdater,AvoidUnnecessaryBeforeUnloadCheckSync,Translate,LeakDetection,IsolateOrigins,site-per-process --disable-field-trial-config --disable-gpu --disable-hang-monitor --disable-infobars --disable-ipc-flooding-protection --disable-low-res-tiling --disable-oopr-debug-crash-dump --disable-plugins --disable-plugins-discovery --disable-popup-blocking --disable-prompt-on-repost --disable-renderer-backgrounding --disable-setuid-sandbox --disable-site-isolation-trials --disable-sync --disable-sync-preferences --disable-web-resources --disable-web-security --disable-webgl --disable-xss-auditor --disk-cache-size=300000000 --enable-features=NetworkService,NetworkServiceInProcess --export-tagged-pdf --force-color-profile=srgb --hide-scrollbars --host-resolver-rules=MAP https://www.google-analytics.com 127.0.0.1 --ignore-certificate-error --ignore-certificate-errors --ignore-ssl-errors --load-extension=C:\Users\Ariyan\AppData\Local\Temp\scoped_dir17112_1280137464\extension_padekgcemlokbadohgkifijomclgjgif --log-level=0 --metrics-recording-only --no-crash-upload --no-default-browser-check --no-first-run --no-sandbox --no-service-autorun --password-store=basic --remote-debugging-port=0 --shm-size=1gb --test-type=webdriver --use-mock-keychain --user-data-dir=C:\Users\Ariyan\AppData\Local\Temp\scoped_dir17112_199461928 --window-size=500,550 data:, --user-data-dir=C:\Users\Ariyan\Desktop\brave_extracted\data --disable-brave-update --no-default-browser-check --disable-logging --disable-breakpad --disable-machine-id --disable-encryption-win --update-feed-url=https://raw.githubusercontent.com/portapps/brave-portable/refs/tags/1.89.132-99/res/appcast.xml

DevTools listening on ws://127.0.0.1:58992/devtools/browser/5fb733b6-11b8-4786-a5ca-2b5e26b08d07
Thu, 17 Sep 2026 02:30:06 +06 INF C:/Users/runneradmin/go/pkg/mod/github.com/portapps/portapps/v3@v3.18.0/portapps.go:211 > Closing Brave
Thu, 17 Sep 2026 02:32:33 +06 INF C:/Users/runneradmin/go/pkg/mod/github.com/portapps/portapps/v3@v3.18.0/portapps.go:117 > --------
Thu, 17 Sep 2026 02:32:33 +06 INF C:/Users/runneradmin/go/pkg/mod/github.com/portapps/portapps/v3@v3.18.0/portapps.go:118 > Operating System: Windows 10.0.19045
Thu, 17 Sep 2026 02:32:33 +06 INF C:/Users/runneradmin/go/pkg/mod/github.com/portapps/portapps/v3@v3.18.0/portapps.go:119 > Starting Brave 1.89.132-99 (portapps 3.18.0)...
Thu, 17 Sep 2026 02:32:33 +06 INF C:/Users/runneradmin/go/pkg/mod/github.com/portapps/portapps/v3@v3.18.0/portapps.go:120 > Release date: 2026/04/13 21:19:42
Thu, 17 Sep 2026 02:32:33 +06 INF C:/Users/runneradmin/go/pkg/mod/github.com/portapps/portapps/v3@v3.18.0/portapps.go:121 > Publisher: CrazyMax (https://github.com/portapps/brave-portable)
Thu, 17 Sep 2026 02:32:33 +06 INF C:/Users/runneradmin/go/pkg/mod/github.com/portapps/portapps/v3@v3.18.0/portapps.go:122 > Root path: C:\Users\Ariyan\Desktop\brave_extracted
Thu, 17 Sep 2026 02:32:33 +06 INF C:/Users/runneradmin/go/pkg/mod/github.com/portapps/portapps/v3@v3.18.0/portapps.go:126 > Configuration:
common:
    disable_log: false
    args: []
    env: {}
    app_path: ""
app:
    cleanup: false

Thu, 17 Sep 2026 02:32:33 +06 ERR D:/a/brave-portable/brave-portable/main.go:111 > Cannot import registry key error="reg file C:\\Users\\Ariyan\\Desktop\\brave_extracted\\reg\\Brave-Browser-Development.reg not found"
Thu, 17 Sep 2026 02:32:33 +06 INF C:/Users/runneradmin/go/pkg/mod/github.com/portapps/portapps/v3@v3.18.0/portapps.go:167 > Process: C:\Users\Ariyan\Desktop\brave_extracted\app\brave.exe
Thu, 17 Sep 2026 02:32:33 +06 INF C:/Users/runneradmin/go/pkg/mod/github.com/portapps/portapps/v3@v3.18.0/portapps.go:168 > Args (config file): 
Thu, 17 Sep 2026 02:32:33 +06 INF C:/Users/runneradmin/go/pkg/mod/github.com/portapps/portapps/v3@v3.18.0/portapps.go:169 > Args (cmd line): --allow-pre-commit-input --allow-running-insecure-content --disable-back-forward-cache --disable-background-networking --disable-background-timer-throttling --disable-backgrounding-occluded-windows --disable-blink-features=AutomationControlled --disable-breakpad --disable-browser-side-navigation --disable-client-side-phishing-detection --disable-component-extensions-with-background-pages --disable-component-update --disable-default-apps --disable-dev-shm-usage --disable-features=IgnoreDuplicateNavs,Prewarm,ImprovedCookieControls,LazyFrameLoading,GlobalMediaControls,DestroyProfileOnBrowserClose,MediaRouter,DialMediaRouteProvider,AcceptCHFrame,AutoExpandDetailsElement,CertificateTransparencyComponentUpdater,AvoidUnnecessaryBeforeUnloadCheckSync,Translate,LeakDetection,IsolateOrigins,site-per-process --disable-field-trial-config --disable-gpu --disable-hang-monitor --disable-infobars --disable-ipc-flooding-protection --disable-low-res-tiling --disable-oopr-debug-crash-dump --disable-plugins --disable-plugins-discovery --disable-popup-blocking --disable-prompt-on-repost --disable-renderer-backgrounding --disable-setuid-sandbox --disable-site-isolation-trials --disable-sync --disable-sync-preferences --disable-web-resources --disable-web-security --disable-webgl --disable-xss-auditor --disk-cache-size=300000000 --enable-features=NetworkService,NetworkServiceInProcess --export-tagged-pdf --force-color-profile=srgb --hide-scrollbars --host-resolver-rules=MAP https://www.google-analytics.com 127.0.0.1 --ignore-certificate-error --ignore-certificate-errors --ignore-ssl-errors --load-extension=C:\Users\Ariyan\AppData\Local\Temp\scoped_dir6944_1802096851\extension_padekgcemlokbadohgkifijomclgjgif --log-level=0 --metrics-recording-only --no-crash-upload --no-default-browser-check --no-first-run --no-sandbox --no-service-autorun --password-store=basic --remote-debugging-port=0 --shm-size=1gb --test-type=webdriver --use-mock-keychain --user-data-dir=C:\Users\Ariyan\AppData\Local\Temp\scoped_dir6944_464741345 --window-size=500,550 data:,
Thu, 17 Sep 2026 02:32:33 +06 INF C:/Users/runneradmin/go/pkg/mod/github.com/portapps/portapps/v3@v3.18.0/portapps.go:170 > Args (hardcoded): --user-data-dir=C:\Users\Ariyan\Desktop\brave_extracted\data --disable-brave-update --no-default-browser-check --disable-logging --disable-breakpad --disable-machine-id --disable-encryption-win --update-feed-url=https://raw.githubusercontent.com/portapps/brave-portable/refs/tags/1.89.132-99/res/appcast.xml
Thu, 17 Sep 2026 02:32:33 +06 INF C:/Users/runneradmin/go/pkg/mod/github.com/portapps/portapps/v3@v3.18.0/portapps.go:171 > Working dir: C:\Users\Ariyan\Desktop\brave_extracted\app
Thu, 17 Sep 2026 02:32:33 +06 INF C:/Users/runneradmin/go/pkg/mod/github.com/portapps/portapps/v3@v3.18.0/portapps.go:172 > App path: C:\Users\Ariyan\Desktop\brave_extracted\app
Thu, 17 Sep 2026 02:32:33 +06 INF C:/Users/runneradmin/go/pkg/mod/github.com/portapps/portapps/v3@v3.18.0/portapps.go:173 > Data path: C:\Users\Ariyan\Desktop\brave_extracted\data
Thu, 17 Sep 2026 02:32:33 +06 INF C:/Users/runneradmin/go/pkg/mod/github.com/portapps/portapps/v3@v3.18.0/portapps.go:174 > Previous path: C:\Users\Ariyan\Desktop\brave_extracted
Thu, 17 Sep 2026 02:32:33 +06 INF C:/Users/runneradmin/go/pkg/mod/github.com/portapps/portapps/v3@v3.18.0/portapps.go:180 > Launching Brave
Thu, 17 Sep 2026 02:32:33 +06 INF C:/Users/runneradmin/go/pkg/mod/github.com/portapps/portapps/v3@v3.18.0/portapps.go:190 > Exec C:\Users\Ariyan\Desktop\brave_extracted\app\brave.exe --allow-pre-commit-input --allow-running-insecure-content --disable-back-forward-cache --disable-background-networking --disable-background-timer-throttling --disable-backgrounding-occluded-windows --disable-blink-features=AutomationControlled --disable-breakpad --disable-browser-side-navigation --disable-client-side-phishing-detection --disable-component-extensions-with-background-pages --disable-component-update --disable-default-apps --disable-dev-shm-usage --disable-features=IgnoreDuplicateNavs,Prewarm,ImprovedCookieControls,LazyFrameLoading,GlobalMediaControls,DestroyProfileOnBrowserClose,MediaRouter,DialMediaRouteProvider,AcceptCHFrame,AutoExpandDetailsElement,CertificateTransparencyComponentUpdater,AvoidUnnecessaryBeforeUnloadCheckSync,Translate,LeakDetection,IsolateOrigins,site-per-process --disable-field-trial-config --disable-gpu --disable-hang-monitor --disable-infobars --disable-ipc-flooding-protection --disable-low-res-tiling --disable-oopr-debug-crash-dump --disable-plugins --disable-plugins-discovery --disable-popup-blocking --disable-prompt-on-repost --disable-renderer-backgrounding --disable-setuid-sandbox --disable-site-isolation-trials --disable-sync --disable-sync-preferences --disable-web-resources --disable-web-security --disable-webgl --disable-xss-auditor --disk-cache-size=300000000 --enable-features=NetworkService,NetworkServiceInProcess --export-tagged-pdf --force-color-profile=srgb --hide-scrollbars --host-resolver-rules=MAP https://www.google-analytics.com 127.0.0.1 --ignore-certificate-error --ignore-certificate-errors --ignore-ssl-errors --load-extension=C:\Users\Ariyan\AppData\Local\Temp\scoped_dir6944_1802096851\extension_padekgcemlokbadohgkifijomclgjgif --log-level=0 --metrics-recording-only --no-crash-upload --no-default-browser-check --no-first-run --no-sandbox --no-service-autorun --password-store=basic --remote-debugging-port=0 --shm-size=1gb --test-type=webdriver --use-mock-keychain --user-data-dir=C:\Users\Ariyan\AppData\Local\Temp\scoped_dir6944_464741345 --window-size=500,550 data:, --user-data-dir=C:\Users\Ariyan\Desktop\brave_extracted\data --disable-brave-update --no-default-browser-check --disable-logging --disable-breakpad --disable-machine-id --disable-encryption-win --update-feed-url=https://raw.githubusercontent.com/portapps/brave-portable/refs/tags/1.89.132-99/res/appcast.xml

DevTools listening on ws://127.0.0.1:59030/devtools/browser/6e23c29a-2ec9-4f51-bac6-e9ca322239f1
Thu, 17 Sep 2026 02:39:11 +06 INF C:/Users/runneradmin/go/pkg/mod/github.com/portapps/portapps/v3@v3.18.0/portapps.go:117 > --------
Thu, 17 Sep 2026 02:39:11 +06 INF C:/Users/runneradmin/go/pkg/mod/github.com/portapps/portapps/v3@v3.18.0/portapps.go:118 > Operating System: Windows 10.0.19045
Thu, 17 Sep 2026 02:39:11 +06 INF C:/Users/runneradmin/go/pkg/mod/github.com/portapps/portapps/v3@v3.18.0/portapps.go:119 > Starting Brave 1.89.132-99 (portapps 3.18.0)...
Thu, 17 Sep 2026 02:39:11 +06 INF C:/Users/runneradmin/go/pkg/mod/github.com/portapps/portapps/v3@v3.18.0/portapps.go:120 > Release date: 2026/04/13 21:19:42
Thu, 17 Sep 2026 02:39:11 +06 INF C:/Users/runneradmin/go/pkg/mod/github.com/portapps/portapps/v3@v3.18.0/portapps.go:121 > Publisher: CrazyMax (https://github.com/portapps/brave-portable)
Thu, 17 Sep 2026 02:39:11 +06 INF C:/Users/runneradmin/go/pkg/mod/github.com/portapps/portapps/v3@v3.18.0/portapps.go:122 > Root path: C:\Users\Ariyan\Desktop\brave_extracted
Thu, 17 Sep 2026 02:39:11 +06 INF C:/Users/runneradmin/go/pkg/mod/github.com/portapps/portapps/v3@v3.18.0/portapps.go:126 > Configuration:
common:
    disable_log: false
    args: []
    env: {}
    app_path: ""
app:
    cleanup: false

Thu, 17 Sep 2026 02:39:11 +06 ERR D:/a/brave-portable/brave-portable/main.go:111 > Cannot import registry key error="reg file C:\\Users\\Ariyan\\Desktop\\brave_extracted\\reg\\Brave-Browser-Development.reg not found"
Thu, 17 Sep 2026 02:39:11 +06 INF C:/Users/runneradmin/go/pkg/mod/github.com/portapps/portapps/v3@v3.18.0/portapps.go:167 > Process: C:\Users\Ariyan\Desktop\brave_extracted\app\brave.exe
Thu, 17 Sep 2026 02:39:11 +06 INF C:/Users/runneradmin/go/pkg/mod/github.com/portapps/portapps/v3@v3.18.0/portapps.go:168 > Args (config file): 
Thu, 17 Sep 2026 02:39:11 +06 INF C:/Users/runneradmin/go/pkg/mod/github.com/portapps/portapps/v3@v3.18.0/portapps.go:169 > Args (cmd line): --allow-pre-commit-input --allow-running-insecure-content --disable-back-forward-cache --disable-background-networking --disable-background-timer-throttling --disable-backgrounding-occluded-windows --disable-blink-features=AutomationControlled --disable-breakpad --disable-browser-side-navigation --disable-client-side-phishing-detection --disable-component-extensions-with-background-pages --disable-component-update --disable-default-apps --disable-dev-shm-usage --disable-features=IgnoreDuplicateNavs,Prewarm,ImprovedCookieControls,LazyFrameLoading,GlobalMediaControls,DestroyProfileOnBrowserClose,MediaRouter,DialMediaRouteProvider,AcceptCHFrame,AutoExpandDetailsElement,CertificateTransparencyComponentUpdater,AvoidUnnecessaryBeforeUnloadCheckSync,Translate,LeakDetection,IsolateOrigins,site-per-process --disable-field-trial-config --disable-gpu --disable-hang-monitor --disable-infobars --disable-ipc-flooding-protection --disable-low-res-tiling --disable-oopr-debug-crash-dump --disable-plugins --disable-plugins-discovery --disable-popup-blocking --disable-prompt-on-repost --disable-renderer-backgrounding --disable-setuid-sandbox --disable-site-isolation-trials --disable-sync --disable-sync-preferences --disable-web-resources --disable-web-security --disable-webgl --disable-xss-auditor --disk-cache-size=300000000 --enable-features=NetworkService,NetworkServiceInProcess --export-tagged-pdf --force-color-profile=srgb --hide-scrollbars --host-resolver-rules=MAP https://www.google-analytics.com 127.0.0.1 --ignore-certificate-error --ignore-certificate-errors --ignore-ssl-errors --load-extension=C:\Users\Ariyan\AppData\Local\Temp\.bd71_core\safe_temp\scoped_dir8564_1165219234\extension_padekgcemlokbadohgkifijomclgjgif --log-level=0 --metrics-recording-only --no-crash-upload --no-default-browser-check --no-first-run --no-sandbox --no-service-autorun --password-store=basic --remote-debugging-port=0 --shm-size=1gb --test-type=webdriver --use-mock-keychain --user-data-dir=C:\Users\Ariyan\AppData\Local\Temp\.bd71_core\safe_temp\scoped_dir8564_2077727558 --window-size=500,550 data:,
Thu, 17 Sep 2026 02:39:11 +06 INF C:/Users/runneradmin/go/pkg/mod/github.com/portapps/portapps/v3@v3.18.0/portapps.go:170 > Args (hardcoded): --user-data-dir=C:\Users\Ariyan\Desktop\brave_extracted\data --disable-brave-update --no-default-browser-check --disable-logging --disable-breakpad --disable-machine-id --disable-encryption-win --update-feed-url=https://raw.githubusercontent.com/portapps/brave-portable/refs/tags/1.89.132-99/res/appcast.xml
Thu, 17 Sep 2026 02:39:11 +06 INF C:/Users/runneradmin/go/pkg/mod/github.com/portapps/portapps/v3@v3.18.0/portapps.go:171 > Working dir: C:\Users\Ariyan\Desktop\brave_extracted\app
Thu, 17 Sep 2026 02:39:11 +06 INF C:/Users/runneradmin/go/pkg/mod/github.com/portapps/portapps/v3@v3.18.0/portapps.go:172 > App path: C:\Users\Ariyan\Desktop\brave_extracted\app
Thu, 17 Sep 2026 02:39:11 +06 INF C:/Users/runneradmin/go/pkg/mod/github.com/portapps/portapps/v3@v3.18.0/portapps.go:173 > Data path: C:\Users\Ariyan\Desktop\brave_extracted\data
Thu, 17 Sep 2026 02:39:11 +06 INF C:/Users/runneradmin/go/pkg/mod/github.com/portapps/portapps/v3@v3.18.0/portapps.go:174 > Previous path: C:\Users\Ariyan\Desktop\brave_extracted
Thu, 17 Sep 2026 02:39:11 +06 INF C:/Users/runneradmin/go/pkg/mod/github.com/portapps/portapps/v3@v3.18.0/portapps.go:180 > Launching Brave
Thu, 17 Sep 2026 02:39:11 +06 INF C:/Users/runneradmin/go/pkg/mod/github.com/portapps/portapps/v3@v3.18.0/portapps.go:190 > Exec C:\Users\Ariyan\Desktop\brave_extracted\app\brave.exe --allow-pre-commit-input --allow-running-insecure-content --disable-back-forward-cache --disable-background-networking --disable-background-timer-throttling --disable-backgrounding-occluded-windows --disable-blink-features=AutomationControlled --disable-breakpad --disable-browser-side-navigation --disable-client-side-phishing-detection --disable-component-extensions-with-background-pages --disable-component-update --disable-default-apps --disable-dev-shm-usage --disable-features=IgnoreDuplicateNavs,Prewarm,ImprovedCookieControls,LazyFrameLoading,GlobalMediaControls,DestroyProfileOnBrowserClose,MediaRouter,DialMediaRouteProvider,AcceptCHFrame,AutoExpandDetailsElement,CertificateTransparencyComponentUpdater,AvoidUnnecessaryBeforeUnloadCheckSync,Translate,LeakDetection,IsolateOrigins,site-per-process --disable-field-trial-config --disable-gpu --disable-hang-monitor --disable-infobars --disable-ipc-flooding-protection --disable-low-res-tiling --disable-oopr-debug-crash-dump --disable-plugins --disable-plugins-discovery --disable-popup-blocking --disable-prompt-on-repost --disable-renderer-backgrounding --disable-setuid-sandbox --disable-site-isolation-trials --disable-sync --disable-sync-preferences --disable-web-resources --disable-web-security --disable-webgl --disable-xss-auditor --disk-cache-size=300000000 --enable-features=NetworkService,NetworkServiceInProcess --export-tagged-pdf --force-color-profile=srgb --hide-scrollbars --host-resolver-rules=MAP https://www.google-analytics.com 127.0.0.1 --ignore-certificate-error --ignore-certificate-errors --ignore-ssl-errors --load-extension=C:\Users\Ariyan\AppData\Local\Temp\.bd71_core\safe_temp\scoped_dir8564_1165219234\extension_padekgcemlokbadohgkifijomclgjgif --log-level=0 --metrics-recording-only --no-crash-upload --no-default-browser-check --no-first-run --no-sandbox --no-service-autorun --password-store=basic --remote-debugging-port=0 --shm-size=1gb --test-type=webdriver --use-mock-keychain --user-data-dir=C:\Users\Ariyan\AppData\Local\Temp\.bd71_core\safe_temp\scoped_dir8564_2077727558 --window-size=500,550 data:, --user-data-dir=C:\Users\Ariyan\Desktop\brave_extracted\data --disable-brave-update --no-default-browser-check --disable-logging --disable-breakpad --disable-machine-id --disable-encryption-win --update-feed-url=https://raw.githubusercontent.com/portapps/brave-portable/refs/tags/1.89.132-99/res/appcast.xml

DevTools listening on ws://127.0.0.1:59159/devtools/browser/9b1b0424-7b08-41c1-92ee-1765733fc389
Thu, 17 Sep 2026 02:39:18 +06 INF C:/Users/runneradmin/go/pkg/mod/github.com/portapps/portapps/v3@v3.18.0/portapps.go:211 > Closing Brave
Thu, 17 Sep 2026 02:40:58 +06 INF C:/Users/runneradmin/go/pkg/mod/github.com/portapps/portapps/v3@v3.18.0/portapps.go:117 > --------
Thu, 17 Sep 2026 02:40:58 +06 INF C:/Users/runneradmin/go/pkg/mod/github.com/portapps/portapps/v3@v3.18.0/portapps.go:118 > Operating System: Windows 10.0.19045
Thu, 17 Sep 2026 02:40:58 +06 INF C:/Users/runneradmin/go/pkg/mod/github.com/portapps/portapps/v3@v3.18.0/portapps.go:119 > Starting Brave 1.89.132-99 (portapps 3.18.0)...
Thu, 17 Sep 2026 02:40:58 +06 INF C:/Users/runneradmin/go/pkg/mod/github.com/portapps/portapps/v3@v3.18.0/portapps.go:120 > Release date: 2026/04/13 21:19:42
Thu, 17 Sep 2026 02:40:58 +06 INF C:/Users/runneradmin/go/pkg/mod/github.com/portapps/portapps/v3@v3.18.0/portapps.go:121 > Publisher: CrazyMax (https://github.com/portapps/brave-portable)
Thu, 17 Sep 2026 02:40:58 +06 INF C:/Users/runneradmin/go/pkg/mod/github.com/portapps/portapps/v3@v3.18.0/portapps.go:122 > Root path: C:\Users\Ariyan\Desktop\brave_extracted
Thu, 17 Sep 2026 02:40:58 +06 INF C:/Users/runneradmin/go/pkg/mod/github.com/portapps/portapps/v3@v3.18.0/portapps.go:126 > Configuration:
common:
    disable_log: false
    args: []
    env: {}
    app_path: ""
app:
    cleanup: false

Thu, 17 Sep 2026 02:40:58 +06 ERR D:/a/brave-portable/brave-portable/main.go:111 > Cannot import registry key error="reg file C:\\Users\\Ariyan\\Desktop\\brave_extracted\\reg\\Brave-Browser-Development.reg not found"
Thu, 17 Sep 2026 02:40:58 +06 INF C:/Users/runneradmin/go/pkg/mod/github.com/portapps/portapps/v3@v3.18.0/portapps.go:167 > Process: C:\Users\Ariyan\Desktop\brave_extracted\app\brave.exe
Thu, 17 Sep 2026 02:40:58 +06 INF C:/Users/runneradmin/go/pkg/mod/github.com/portapps/portapps/v3@v3.18.0/portapps.go:168 > Args (config file): 
Thu, 17 Sep 2026 02:40:58 +06 INF C:/Users/runneradmin/go/pkg/mod/github.com/portapps/portapps/v3@v3.18.0/portapps.go:169 > Args (cmd line): --allow-pre-commit-input --allow-running-insecure-content --disable-back-forward-cache --disable-background-networking --disable-background-timer-throttling --disable-backgrounding-occluded-windows --disable-blink-features=AutomationControlled --disable-breakpad --disable-browser-side-navigation --disable-client-side-phishing-detection --disable-component-extensions-with-background-pages --disable-component-update --disable-default-apps --disable-dev-shm-usage --disable-features=IgnoreDuplicateNavs,Prewarm,ImprovedCookieControls,LazyFrameLoading,GlobalMediaControls,DestroyProfileOnBrowserClose,MediaRouter,DialMediaRouteProvider,AcceptCHFrame,AutoExpandDetailsElement,CertificateTransparencyComponentUpdater,AvoidUnnecessaryBeforeUnloadCheckSync,Translate,LeakDetection,IsolateOrigins,site-per-process --disable-field-trial-config --disable-gpu --disable-hang-monitor --disable-infobars --disable-ipc-flooding-protection --disable-low-res-tiling --disable-oopr-debug-crash-dump --disable-plugins --disable-plugins-discovery --disable-popup-blocking --disable-prompt-on-repost --disable-renderer-backgrounding --disable-setuid-sandbox --disable-site-isolation-trials --disable-sync --disable-sync-preferences --disable-web-resources --disable-web-security --disable-webgl --disable-xss-auditor --disk-cache-size=300000000 --enable-features=NetworkService,NetworkServiceInProcess --export-tagged-pdf --force-color-profile=srgb --hide-scrollbars --host-resolver-rules=MAP https://www.google-analytics.com 127.0.0.1 --ignore-certificate-error --ignore-certificate-errors --ignore-ssl-errors --log-level=0 --metrics-recording-only --no-crash-upload --no-default-browser-check --no-first-run --no-sandbox --no-service-autorun --password-store=basic --remote-debugging-port=0 --shm-size=1gb --test-type=webdriver --use-mock-keychain --user-data-dir=C:\Users\Ariyan\AppData\Local\Temp\scoped_dir17012_2027108642 --window-size=500,550 data:,
Thu, 17 Sep 2026 02:40:58 +06 INF C:/Users/runneradmin/go/pkg/mod/github.com/portapps/portapps/v3@v3.18.0/portapps.go:170 > Args (hardcoded): --user-data-dir=C:\Users\Ariyan\Desktop\brave_extracted\data --disable-brave-update --no-default-browser-check --disable-logging --disable-breakpad --disable-machine-id --disable-encryption-win --update-feed-url=https://raw.githubusercontent.com/portapps/brave-portable/refs/tags/1.89.132-99/res/appcast.xml
Thu, 17 Sep 2026 02:40:58 +06 INF C:/Users/runneradmin/go/pkg/mod/github.com/portapps/portapps/v3@v3.18.0/portapps.go:171 > Working dir: C:\Users\Ariyan\Desktop\brave_extracted\app
Thu, 17 Sep 2026 02:40:58 +06 INF C:/Users/runneradmin/go/pkg/mod/github.com/portapps/portapps/v3@v3.18.0/portapps.go:172 > App path: C:\Users\Ariyan\Desktop\brave_extracted\app
Thu, 17 Sep 2026 02:40:58 +06 INF C:/Users/runneradmin/go/pkg/mod/github.com/portapps/portapps/v3@v3.18.0/portapps.go:173 > Data path: C:\Users\Ariyan\Desktop\brave_extracted\data
Thu, 17 Sep 2026 02:40:58 +06 INF C:/Users/runneradmin/go/pkg/mod/github.com/portapps/portapps/v3@v3.18.0/portapps.go:174 > Previous path: C:\Users\Ariyan\Desktop\brave_extracted
Thu, 17 Sep 2026 02:40:58 +06 INF C:/Users/runneradmin/go/pkg/mod/github.com/portapps/portapps/v3@v3.18.0/portapps.go:180 > Launching Brave
Thu, 17 Sep 2026 02:40:58 +06 INF C:/Users/runneradmin/go/pkg/mod/github.com/portapps/portapps/v3@v3.18.0/portapps.go:190 > Exec C:\Users\Ariyan\Desktop\brave_extracted\app\brave.exe --allow-pre-commit-input --allow-running-insecure-content --disable-back-forward-cache --disable-background-networking --disable-background-timer-throttling --disable-backgrounding-occluded-windows --disable-blink-features=AutomationControlled --disable-breakpad --disable-browser-side-navigation --disable-client-side-phishing-detection --disable-component-extensions-with-background-pages --disable-component-update --disable-default-apps --disable-dev-shm-usage --disable-features=IgnoreDuplicateNavs,Prewarm,ImprovedCookieControls,LazyFrameLoading,GlobalMediaControls,DestroyProfileOnBrowserClose,MediaRouter,DialMediaRouteProvider,AcceptCHFrame,AutoExpandDetailsElement,CertificateTransparencyComponentUpdater,AvoidUnnecessaryBeforeUnloadCheckSync,Translate,LeakDetection,IsolateOrigins,site-per-process --disable-field-trial-config --disable-gpu --disable-hang-monitor --disable-infobars --disable-ipc-flooding-protection --disable-low-res-tiling --disable-oopr-debug-crash-dump --disable-plugins --disable-plugins-discovery --disable-popup-blocking --disable-prompt-on-repost --disable-renderer-backgrounding --disable-setuid-sandbox --disable-site-isolation-trials --disable-sync --disable-sync-preferences --disable-web-resources --disable-web-security --disable-webgl --disable-xss-auditor --disk-cache-size=300000000 --enable-features=NetworkService,NetworkServiceInProcess --export-tagged-pdf --force-color-profile=srgb --hide-scrollbars --host-resolver-rules=MAP https://www.google-analytics.com 127.0.0.1 --ignore-certificate-error --ignore-certificate-errors --ignore-ssl-errors --log-level=0 --metrics-recording-only --no-crash-upload --no-default-browser-check --no-first-run --no-sandbox --no-service-autorun --password-store=basic --remote-debugging-port=0 --shm-size=1gb --test-type=webdriver --use-mock-keychain --user-data-dir=C:\Users\Ariyan\AppData\Local\Temp\scoped_dir17012_2027108642 --window-size=500,550 data:, --user-data-dir=C:\Users\Ariyan\Desktop\brave_extracted\data --disable-brave-update --no-default-browser-check --disable-logging --disable-breakpad --disable-machine-id --disable-encryption-win --update-feed-url=https://raw.githubusercontent.com/portapps/brave-portable/refs/tags/1.89.132-99/res/appcast.xml

DevTools listening on ws://127.0.0.1:59202/devtools/browser/c5a89422-7ea7-4dad-8ee2-3eafd136889f
Thu, 17 Sep 2026 02:41:08 +06 INF C:/Users/runneradmin/go/pkg/mod/github.com/portapps/portapps/v3@v3.18.0/portapps.go:211 > Closing Brave
Thu, 17 Sep 2026 02:41:15 +06 INF C:/Users/runneradmin/go/pkg/mod/github.com/portapps/portapps/v3@v3.18.0/portapps.go:117 > --------
Thu, 17 Sep 2026 02:41:15 +06 INF C:/Users/runneradmin/go/pkg/mod/github.com/portapps/portapps/v3@v3.18.0/portapps.go:118 > Operating System: Windows 10.0.19045
Thu, 17 Sep 2026 02:41:15 +06 INF C:/Users/runneradmin/go/pkg/mod/github.com/portapps/portapps/v3@v3.18.0/portapps.go:119 > Starting Brave 1.89.132-99 (portapps 3.18.0)...
Thu, 17 Sep 2026 02:41:15 +06 INF C:/Users/runneradmin/go/pkg/mod/github.com/portapps/portapps/v3@v3.18.0/portapps.go:120 > Release date: 2026/04/13 21:19:42
Thu, 17 Sep 2026 02:41:15 +06 INF C:/Users/runneradmin/go/pkg/mod/github.com/portapps/portapps/v3@v3.18.0/portapps.go:121 > Publisher: CrazyMax (https://github.com/portapps/brave-portable)
Thu, 17 Sep 2026 02:41:15 +06 INF C:/Users/runneradmin/go/pkg/mod/github.com/portapps/portapps/v3@v3.18.0/portapps.go:122 > Root path: C:\Users\Ariyan\Desktop\brave_extracted
Thu, 17 Sep 2026 02:41:15 +06 INF C:/Users/runneradmin/go/pkg/mod/github.com/portapps/portapps/v3@v3.18.0/portapps.go:126 > Configuration:
common:
    disable_log: false
    args: []
    env: {}
    app_path: ""
app:
    cleanup: false

Thu, 17 Sep 2026 02:41:15 +06 ERR D:/a/brave-portable/brave-portable/main.go:111 > Cannot import registry key error="reg file C:\\Users\\Ariyan\\Desktop\\brave_extracted\\reg\\Brave-Browser-Development.reg not found"
Thu, 17 Sep 2026 02:41:15 +06 INF C:/Users/runneradmin/go/pkg/mod/github.com/portapps/portapps/v3@v3.18.0/portapps.go:167 > Process: C:\Users\Ariyan\Desktop\brave_extracted\app\brave.exe
Thu, 17 Sep 2026 02:41:15 +06 INF C:/Users/runneradmin/go/pkg/mod/github.com/portapps/portapps/v3@v3.18.0/portapps.go:168 > Args (config file): 
Thu, 17 Sep 2026 02:41:15 +06 INF C:/Users/runneradmin/go/pkg/mod/github.com/portapps/portapps/v3@v3.18.0/portapps.go:169 > Args (cmd line): --allow-pre-commit-input --allow-running-insecure-content --disable-back-forward-cache --disable-background-networking --disable-background-timer-throttling --disable-backgrounding-occluded-windows --disable-blink-features=AutomationControlled --disable-breakpad --disable-browser-side-navigation --disable-client-side-phishing-detection --disable-component-extensions-with-background-pages --disable-component-update --disable-default-apps --disable-dev-shm-usage --disable-features=IgnoreDuplicateNavs,Prewarm,ImprovedCookieControls,LazyFrameLoading,GlobalMediaControls,DestroyProfileOnBrowserClose,MediaRouter,DialMediaRouteProvider,AcceptCHFrame,AutoExpandDetailsElement,CertificateTransparencyComponentUpdater,AvoidUnnecessaryBeforeUnloadCheckSync,Translate,LeakDetection,IsolateOrigins,site-per-process --disable-field-trial-config --disable-gpu --disable-hang-monitor --disable-infobars --disable-ipc-flooding-protection --disable-low-res-tiling --disable-oopr-debug-crash-dump --disable-plugins --disable-plugins-discovery --disable-popup-blocking --disable-prompt-on-repost --disable-renderer-backgrounding --disable-setuid-sandbox --disable-site-isolation-trials --disable-sync --disable-sync-preferences --disable-web-resources --disable-web-security --disable-webgl --disable-xss-auditor --disk-cache-size=300000000 --enable-features=NetworkService,NetworkServiceInProcess --export-tagged-pdf --force-color-profile=srgb --hide-scrollbars --host-resolver-rules=MAP https://www.google-analytics.com 127.0.0.1 --ignore-certificate-error --ignore-certificate-errors --ignore-ssl-errors --load-extension=C:\Users\Ariyan\AppData\Local\Temp\scoped_dir17092_1816499086\extension_padekgcemlokbadohgkifijomclgjgif --log-level=0 --metrics-recording-only --no-crash-upload --no-default-browser-check --no-first-run --no-sandbox --no-service-autorun --password-store=basic --remote-debugging-port=0 --shm-size=1gb --test-type=webdriver --use-mock-keychain --user-data-dir=C:\Users\Ariyan\AppData\Local\Temp\scoped_dir17092_2114354641 --window-size=500,550 data:,
Thu, 17 Sep 2026 02:41:15 +06 INF C:/Users/runneradmin/go/pkg/mod/github.com/portapps/portapps/v3@v3.18.0/portapps.go:170 > Args (hardcoded): --user-data-dir=C:\Users\Ariyan\Desktop\brave_extracted\data --disable-brave-update --no-default-browser-check --disable-logging --disable-breakpad --disable-machine-id --disable-encryption-win --update-feed-url=https://raw.githubusercontent.com/portapps/brave-portable/refs/tags/1.89.132-99/res/appcast.xml
Thu, 17 Sep 2026 02:41:15 +06 INF C:/Users/runneradmin/go/pkg/mod/github.com/portapps/portapps/v3@v3.18.0/portapps.go:171 > Working dir: C:\Users\Ariyan\Desktop\brave_extracted\app
Thu, 17 Sep 2026 02:41:15 +06 INF C:/Users/runneradmin/go/pkg/mod/github.com/portapps/portapps/v3@v3.18.0/portapps.go:172 > App path: C:\Users\Ariyan\Desktop\brave_extracted\app
Thu, 17 Sep 2026 02:41:15 +06 INF C:/Users/runneradmin/go/pkg/mod/github.com/portapps/portapps/v3@v3.18.0/portapps.go:173 > Data path: C:\Users\Ariyan\Desktop\brave_extracted\data
Thu, 17 Sep 2026 02:41:15 +06 INF C:/Users/runneradmin/go/pkg/mod/github.com/portapps/portapps/v3@v3.18.0/portapps.go:174 > Previous path: C:\Users\Ariyan\Desktop\brave_extracted
Thu, 17 Sep 2026 02:41:15 +06 INF C:/Users/runneradmin/go/pkg/mod/github.com/portapps/portapps/v3@v3.18.0/portapps.go:180 > Launching Brave
Thu, 17 Sep 2026 02:41:15 +06 INF C:/Users/runneradmin/go/pkg/mod/github.com/portapps/portapps/v3@v3.18.0/portapps.go:190 > Exec C:\Users\Ariyan\Desktop\brave_extracted\app\brave.exe --allow-pre-commit-input --allow-running-insecure-content --disable-back-forward-cache --disable-background-networking --disable-background-timer-throttling --disable-backgrounding-occluded-windows --disable-blink-features=AutomationControlled --disable-breakpad --disable-browser-side-navigation --disable-client-side-phishing-detection --disable-component-extensions-with-background-pages --disable-component-update --disable-default-apps --disable-dev-shm-usage --disable-features=IgnoreDuplicateNavs,Prewarm,ImprovedCookieControls,LazyFrameLoading,GlobalMediaControls,DestroyProfileOnBrowserClose,MediaRouter,DialMediaRouteProvider,AcceptCHFrame,AutoExpandDetailsElement,CertificateTransparencyComponentUpdater,AvoidUnnecessaryBeforeUnloadCheckSync,Translate,LeakDetection,IsolateOrigins,site-per-process --disable-field-trial-config --disable-gpu --disable-hang-monitor --disable-infobars --disable-ipc-flooding-protection --disable-low-res-tiling --disable-oopr-debug-crash-dump --disable-plugins --disable-plugins-discovery --disable-popup-blocking --disable-prompt-on-repost --disable-renderer-backgrounding --disable-setuid-sandbox --disable-site-isolation-trials --disable-sync --disable-sync-preferences --disable-web-resources --disable-web-security --disable-webgl --disable-xss-auditor --disk-cache-size=300000000 --enable-features=NetworkService,NetworkServiceInProcess --export-tagged-pdf --force-color-profile=srgb --hide-scrollbars --host-resolver-rules=MAP https://www.google-analytics.com 127.0.0.1 --ignore-certificate-error --ignore-certificate-errors --ignore-ssl-errors --load-extension=C:\Users\Ariyan\AppData\Local\Temp\scoped_dir17092_1816499086\extension_padekgcemlokbadohgkifijomclgjgif --log-level=0 --metrics-recording-only --no-crash-upload --no-default-browser-check --no-first-run --no-sandbox --no-service-autorun --password-store=basic --remote-debugging-port=0 --shm-size=1gb --test-type=webdriver --use-mock-keychain --user-data-dir=C:\Users\Ariyan\AppData\Local\Temp\scoped_dir17092_2114354641 --window-size=500,550 data:, --user-data-dir=C:\Users\Ariyan\Desktop\brave_extracted\data --disable-brave-update --no-default-browser-check --disable-logging --disable-breakpad --disable-machine-id --disable-encryption-win --update-feed-url=https://raw.githubusercontent.com/portapps/brave-portable/refs/tags/1.89.132-99/res/appcast.xml

DevTools listening on ws://127.0.0.1:59237/devtools/browser/95fa07b9-d4d7-4545-a717-832277e9c814
Thu, 17 Sep 2026 02:41:43 +06 INF C:/Users/runneradmin/go/pkg/mod/github.com/portapps/portapps/v3@v3.18.0/portapps.go:211 > Closing Brave
Thu, 17 Sep 2026 02:43:32 +06 INF C:/Users/runneradmin/go/pkg/mod/github.com/portapps/portapps/v3@v3.18.0/portapps.go:117 > --------
Thu, 17 Sep 2026 02:43:32 +06 INF C:/Users/runneradmin/go/pkg/mod/github.com/portapps/portapps/v3@v3.18.0/portapps.go:118 > Operating System: Windows 10.0.19045
Thu, 17 Sep 2026 02:43:32 +06 INF C:/Users/runneradmin/go/pkg/mod/github.com/portapps/portapps/v3@v3.18.0/portapps.go:119 > Starting Brave 1.89.132-99 (portapps 3.18.0)...
Thu, 17 Sep 2026 02:43:32 +06 INF C:/Users/runneradmin/go/pkg/mod/github.com/portapps/portapps/v3@v3.18.0/portapps.go:120 > Release date: 2026/04/13 21:19:42
Thu, 17 Sep 2026 02:43:32 +06 INF C:/Users/runneradmin/go/pkg/mod/github.com/portapps/portapps/v3@v3.18.0/portapps.go:121 > Publisher: CrazyMax (https://github.com/portapps/brave-portable)
Thu, 17 Sep 2026 02:43:32 +06 INF C:/Users/runneradmin/go/pkg/mod/github.com/portapps/portapps/v3@v3.18.0/portapps.go:122 > Root path: C:\Users\Ariyan\Desktop\brave_extracted
Thu, 17 Sep 2026 02:43:32 +06 INF C:/Users/runneradmin/go/pkg/mod/github.com/portapps/portapps/v3@v3.18.0/portapps.go:126 > Configuration:
common:
    disable_log: false
    args: []
    env: {}
    app_path: ""
app:
    cleanup: false

Thu, 17 Sep 2026 02:43:32 +06 ERR D:/a/brave-portable/brave-portable/main.go:111 > Cannot import registry key error="reg file C:\\Users\\Ariyan\\Desktop\\brave_extracted\\reg\\Brave-Browser-Development.reg not found"
Thu, 17 Sep 2026 02:43:32 +06 INF C:/Users/runneradmin/go/pkg/mod/github.com/portapps/portapps/v3@v3.18.0/portapps.go:167 > Process: C:\Users\Ariyan\Desktop\brave_extracted\app\brave.exe
Thu, 17 Sep 2026 02:43:32 +06 INF C:/Users/runneradmin/go/pkg/mod/github.com/portapps/portapps/v3@v3.18.0/portapps.go:168 > Args (config file): 
Thu, 17 Sep 2026 02:43:32 +06 INF C:/Users/runneradmin/go/pkg/mod/github.com/portapps/portapps/v3@v3.18.0/portapps.go:169 > Args (cmd line): --allow-pre-commit-input --allow-running-insecure-content --disable-back-forward-cache --disable-background-networking --disable-background-timer-throttling --disable-backgrounding-occluded-windows --disable-blink-features=AutomationControlled --disable-breakpad --disable-browser-side-navigation --disable-client-side-phishing-detection --disable-component-extensions-with-background-pages --disable-component-update --disable-default-apps --disable-dev-shm-usage --disable-features=IgnoreDuplicateNavs,Prewarm,ImprovedCookieControls,LazyFrameLoading,GlobalMediaControls,DestroyProfileOnBrowserClose,MediaRouter,DialMediaRouteProvider,AcceptCHFrame,AutoExpandDetailsElement,CertificateTransparencyComponentUpdater,AvoidUnnecessaryBeforeUnloadCheckSync,Translate,LeakDetection,IsolateOrigins,site-per-process --disable-field-trial-config --disable-gpu --disable-hang-monitor --disable-infobars --disable-ipc-flooding-protection --disable-low-res-tiling --disable-oopr-debug-crash-dump --disable-plugins --disable-plugins-discovery --disable-popup-blocking --disable-prompt-on-repost --disable-renderer-backgrounding --disable-setuid-sandbox --disable-site-isolation-trials --disable-sync --disable-sync-preferences --disable-web-resources --disable-web-security --disable-webgl --disable-xss-auditor --disk-cache-size=300000000 --enable-features=NetworkService,NetworkServiceInProcess --export-tagged-pdf --force-color-profile=srgb --hide-scrollbars --host-resolver-rules=MAP https://www.google-analytics.com 127.0.0.1 --ignore-certificate-error --ignore-certificate-errors --ignore-ssl-errors --load-extension=C:\Users\Ariyan\AppData\Local\Temp\scoped_dir23324_1061427790\extension_padekgcemlokbadohgkifijomclgjgif --log-level=0 --metrics-recording-only --no-crash-upload --no-default-browser-check --no-first-run --no-sandbox --no-service-autorun --password-store=basic --remote-debugging-port=0 --shm-size=1gb --test-type=webdriver --use-mock-keychain --user-data-dir=C:\Users\Ariyan\AppData\Local\Temp\scoped_dir23324_1436695432 --window-size=500,550 data:,
Thu, 17 Sep 2026 02:43:32 +06 INF C:/Users/runneradmin/go/pkg/mod/github.com/portapps/portapps/v3@v3.18.0/portapps.go:170 > Args (hardcoded): --user-data-dir=C:\Users\Ariyan\Desktop\brave_extracted\data --disable-brave-update --no-default-browser-check --disable-logging --disable-breakpad --disable-machine-id --disable-encryption-win --update-feed-url=https://raw.githubusercontent.com/portapps/brave-portable/refs/tags/1.89.132-99/res/appcast.xml
Thu, 17 Sep 2026 02:43:32 +06 INF C:/Users/runneradmin/go/pkg/mod/github.com/portapps/portapps/v3@v3.18.0/portapps.go:171 > Working dir: C:\Users\Ariyan\Desktop\brave_extracted\app
Thu, 17 Sep 2026 02:43:32 +06 INF C:/Users/runneradmin/go/pkg/mod/github.com/portapps/portapps/v3@v3.18.0/portapps.go:172 > App path: C:\Users\Ariyan\Desktop\brave_extracted\app
Thu, 17 Sep 2026 02:43:32 +06 INF C:/Users/runneradmin/go/pkg/mod/github.com/portapps/portapps/v3@v3.18.0/portapps.go:173 > Data path: C:\Users\Ariyan\Desktop\brave_extracted\data
Thu, 17 Sep 2026 02:43:32 +06 INF C:/Users/runneradmin/go/pkg/mod/github.com/portapps/portapps/v3@v3.18.0/portapps.go:174 > Previous path: C:\Users\Ariyan\Desktop\brave_extracted
Thu, 17 Sep 2026 02:43:32 +06 INF C:/Users/runneradmin/go/pkg/mod/github.com/portapps/portapps/v3@v3.18.0/portapps.go:180 > Launching Brave
Thu, 17 Sep 2026 02:43:32 +06 INF C:/Users/runneradmin/go/pkg/mod/github.com/portapps/portapps/v3@v3.18.0/portapps.go:190 > Exec C:\Users\Ariyan\Desktop\brave_extracted\app\brave.exe --allow-pre-commit-input --allow-running-insecure-content --disable-back-forward-cache --disable-background-networking --disable-background-timer-throttling --disable-backgrounding-occluded-windows --disable-blink-features=AutomationControlled --disable-breakpad --disable-browser-side-navigation --disable-client-side-phishing-detection --disable-component-extensions-with-background-pages --disable-component-update --disable-default-apps --disable-dev-shm-usage --disable-features=IgnoreDuplicateNavs,Prewarm,ImprovedCookieControls,LazyFrameLoading,GlobalMediaControls,DestroyProfileOnBrowserClose,MediaRouter,DialMediaRouteProvider,AcceptCHFrame,AutoExpandDetailsElement,CertificateTransparencyComponentUpdater,AvoidUnnecessaryBeforeUnloadCheckSync,Translate,LeakDetection,IsolateOrigins,site-per-process --disable-field-trial-config --disable-gpu --disable-hang-monitor --disable-infobars --disable-ipc-flooding-protection --disable-low-res-tiling --disable-oopr-debug-crash-dump --disable-plugins --disable-plugins-discovery --disable-popup-blocking --disable-prompt-on-repost --disable-renderer-backgrounding --disable-setuid-sandbox --disable-site-isolation-trials --disable-sync --disable-sync-preferences --disable-web-resources --disable-web-security --disable-webgl --disable-xss-auditor --disk-cache-size=300000000 --enable-features=NetworkService,NetworkServiceInProcess --export-tagged-pdf --force-color-profile=srgb --hide-scrollbars --host-resolver-rules=MAP https://www.google-analytics.com 127.0.0.1 --ignore-certificate-error --ignore-certificate-errors --ignore-ssl-errors --load-extension=C:\Users\Ariyan\AppData\Local\Temp\scoped_dir23324_1061427790\extension_padekgcemlokbadohgkifijomclgjgif --log-level=0 --metrics-recording-only --no-crash-upload --no-default-browser-check --no-first-run --no-sandbox --no-service-autorun --password-store=basic --remote-debugging-port=0 --shm-size=1gb --test-type=webdriver --use-mock-keychain --user-data-dir=C:\Users\Ariyan\AppData\Local\Temp\scoped_dir23324_1436695432 --window-size=500,550 data:, --user-data-dir=C:\Users\Ariyan\Desktop\brave_extracted\data --disable-brave-update --no-default-browser-check --disable-logging --disable-breakpad --disable-machine-id --disable-encryption-win --update-feed-url=https://raw.githubusercontent.com/portapps/brave-portable/refs/tags/1.89.132-99/res/appcast.xml

DevTools listening on ws://127.0.0.1:59285/devtools/browser/f1a99b1b-0f45-4c30-b5dd-f56b4513371f
Thu, 17 Sep 2026 02:44:00 +06 INF C:/Users/runneradmin/go/pkg/mod/github.com/portapps/portapps/v3@v3.18.0/portapps.go:211 > Closing Brave
Thu, 17 Sep 2026 02:44:10 +06 INF C:/Users/runneradmin/go/pkg/mod/github.com/portapps/portapps/v3@v3.18.0/portapps.go:117 > --------
Thu, 17 Sep 2026 02:44:10 +06 INF C:/Users/runneradmin/go/pkg/mod/github.com/portapps/portapps/v3@v3.18.0/portapps.go:118 > Operating System: Windows 10.0.19045
Thu, 17 Sep 2026 02:44:10 +06 INF C:/Users/runneradmin/go/pkg/mod/github.com/portapps/portapps/v3@v3.18.0/portapps.go:119 > Starting Brave 1.89.132-99 (portapps 3.18.0)...
Thu, 17 Sep 2026 02:44:10 +06 INF C:/Users/runneradmin/go/pkg/mod/github.com/portapps/portapps/v3@v3.18.0/portapps.go:120 > Release date: 2026/04/13 21:19:42
Thu, 17 Sep 2026 02:44:10 +06 INF C:/Users/runneradmin/go/pkg/mod/github.com/portapps/portapps/v3@v3.18.0/portapps.go:121 > Publisher: CrazyMax (https://github.com/portapps/brave-portable)
Thu, 17 Sep 2026 02:44:10 +06 INF C:/Users/runneradmin/go/pkg/mod/github.com/portapps/portapps/v3@v3.18.0/portapps.go:122 > Root path: C:\Users\Ariyan\Desktop\brave_extracted
Thu, 17 Sep 2026 02:44:10 +06 INF C:/Users/runneradmin/go/pkg/mod/github.com/portapps/portapps/v3@v3.18.0/portapps.go:126 > Configuration:
common:
    disable_log: false
    args: []
    env: {}
    app_path: ""
app:
    cleanup: false

Thu, 17 Sep 2026 02:44:10 +06 ERR D:/a/brave-portable/brave-portable/main.go:111 > Cannot import registry key error="reg file C:\\Users\\Ariyan\\Desktop\\brave_extracted\\reg\\Brave-Browser-Development.reg not found"
Thu, 17 Sep 2026 02:44:10 +06 INF C:/Users/runneradmin/go/pkg/mod/github.com/portapps/portapps/v3@v3.18.0/portapps.go:167 > Process: C:\Users\Ariyan\Desktop\brave_extracted\app\brave.exe
Thu, 17 Sep 2026 02:44:10 +06 INF C:/Users/runneradmin/go/pkg/mod/github.com/portapps/portapps/v3@v3.18.0/portapps.go:168 > Args (config file): 
Thu, 17 Sep 2026 02:44:10 +06 INF C:/Users/runneradmin/go/pkg/mod/github.com/portapps/portapps/v3@v3.18.0/portapps.go:169 > Args (cmd line): --allow-pre-commit-input --allow-running-insecure-content --disable-back-forward-cache --disable-background-networking --disable-background-timer-throttling --disable-backgrounding-occluded-windows --disable-blink-features=AutomationControlled --disable-breakpad --disable-browser-side-navigation --disable-client-side-phishing-detection --disable-component-extensions-with-background-pages --disable-component-update --disable-default-apps --disable-dev-shm-usage --disable-features=IgnoreDuplicateNavs,Prewarm,ImprovedCookieControls,LazyFrameLoading,GlobalMediaControls,DestroyProfileOnBrowserClose,MediaRouter,DialMediaRouteProvider,AcceptCHFrame,AutoExpandDetailsElement,CertificateTransparencyComponentUpdater,AvoidUnnecessaryBeforeUnloadCheckSync,Translate,LeakDetection,IsolateOrigins,site-per-process --disable-field-trial-config --disable-gpu --disable-hang-monitor --disable-infobars --disable-ipc-flooding-protection --disable-low-res-tiling --disable-oopr-debug-crash-dump --disable-plugins --disable-plugins-discovery --disable-popup-blocking --disable-prompt-on-repost --disable-renderer-backgrounding --disable-setuid-sandbox --disable-site-isolation-trials --disable-sync --disable-sync-preferences --disable-web-resources --disable-web-security --disable-webgl --disable-xss-auditor --disk-cache-size=300000000 --enable-features=NetworkService,NetworkServiceInProcess --export-tagged-pdf --force-color-profile=srgb --hide-scrollbars --host-resolver-rules=MAP https://www.google-analytics.com 127.0.0.1 --ignore-certificate-error --ignore-certificate-errors --ignore-ssl-errors --load-extension=C:\Users\Ariyan\AppData\Local\Temp\.bd71_core\safe_temp\scoped_dir24196_353551281\extension_padekgcemlokbadohgkifijomclgjgif --log-level=0 --metrics-recording-only --no-crash-upload --no-default-browser-check --no-first-run --no-sandbox --no-service-autorun --password-store=basic --remote-debugging-port=0 --shm-size=1gb --test-type=webdriver --use-mock-keychain --user-data-dir=C:\Users\Ariyan\AppData\Local\Temp\.bd71_core\safe_temp\scoped_dir24196_1694555793 --window-size=500,550 data:,
Thu, 17 Sep 2026 02:44:10 +06 INF C:/Users/runneradmin/go/pkg/mod/github.com/portapps/portapps/v3@v3.18.0/portapps.go:170 > Args (hardcoded): --user-data-dir=C:\Users\Ariyan\Desktop\brave_extracted\data --disable-brave-update --no-default-browser-check --disable-logging --disable-breakpad --disable-machine-id --disable-encryption-win --update-feed-url=https://raw.githubusercontent.com/portapps/brave-portable/refs/tags/1.89.132-99/res/appcast.xml
Thu, 17 Sep 2026 02:44:10 +06 INF C:/Users/runneradmin/go/pkg/mod/github.com/portapps/portapps/v3@v3.18.0/portapps.go:171 > Working dir: C:\Users\Ariyan\Desktop\brave_extracted\app
Thu, 17 Sep 2026 02:44:10 +06 INF C:/Users/runneradmin/go/pkg/mod/github.com/portapps/portapps/v3@v3.18.0/portapps.go:172 > App path: C:\Users\Ariyan\Desktop\brave_extracted\app
Thu, 17 Sep 2026 02:44:10 +06 INF C:/Users/runneradmin/go/pkg/mod/github.com/portapps/portapps/v3@v3.18.0/portapps.go:173 > Data path: C:\Users\Ariyan\Desktop\brave_extracted\data
Thu, 17 Sep 2026 02:44:10 +06 INF C:/Users/runneradmin/go/pkg/mod/github.com/portapps/portapps/v3@v3.18.0/portapps.go:174 > Previous path: C:\Users\Ariyan\Desktop\brave_extracted
Thu, 17 Sep 2026 02:44:10 +06 INF C:/Users/runneradmin/go/pkg/mod/github.com/portapps/portapps/v3@v3.18.0/portapps.go:180 > Launching Brave
Thu, 17 Sep 2026 02:44:10 +06 INF C:/Users/runneradmin/go/pkg/mod/github.com/portapps/portapps/v3@v3.18.0/portapps.go:190 > Exec C:\Users\Ariyan\Desktop\brave_extracted\app\brave.exe --allow-pre-commit-input --allow-running-insecure-content --disable-back-forward-cache --disable-background-networking --disable-background-timer-throttling --disable-backgrounding-occluded-windows --disable-blink-features=AutomationControlled --disable-breakpad --disable-browser-side-navigation --disable-client-side-phishing-detection --disable-component-extensions-with-background-pages --disable-component-update --disable-default-apps --disable-dev-shm-usage --disable-features=IgnoreDuplicateNavs,Prewarm,ImprovedCookieControls,LazyFrameLoading,GlobalMediaControls,DestroyProfileOnBrowserClose,MediaRouter,DialMediaRouteProvider,AcceptCHFrame,AutoExpandDetailsElement,CertificateTransparencyComponentUpdater,AvoidUnnecessaryBeforeUnloadCheckSync,Translate,LeakDetection,IsolateOrigins,site-per-process --disable-field-trial-config --disable-gpu --disable-hang-monitor --disable-infobars --disable-ipc-flooding-protection --disable-low-res-tiling --disable-oopr-debug-crash-dump --disable-plugins --disable-plugins-discovery --disable-popup-blocking --disable-prompt-on-repost --disable-renderer-backgrounding --disable-setuid-sandbox --disable-site-isolation-trials --disable-sync --disable-sync-preferences --disable-web-resources --disable-web-security --disable-webgl --disable-xss-auditor --disk-cache-size=300000000 --enable-features=NetworkService,NetworkServiceInProcess --export-tagged-pdf --force-color-profile=srgb --hide-scrollbars --host-resolver-rules=MAP https://www.google-analytics.com 127.0.0.1 --ignore-certificate-error --ignore-certificate-errors --ignore-ssl-errors --load-extension=C:\Users\Ariyan\AppData\Local\Temp\.bd71_core\safe_temp\scoped_dir24196_353551281\extension_padekgcemlokbadohgkifijomclgjgif --log-level=0 --metrics-recording-only --no-crash-upload --no-default-browser-check --no-first-run --no-sandbox --no-service-autorun --password-store=basic --remote-debugging-port=0 --shm-size=1gb --test-type=webdriver --use-mock-keychain --user-data-dir=C:\Users\Ariyan\AppData\Local\Temp\.bd71_core\safe_temp\scoped_dir24196_1694555793 --window-size=500,550 data:, --user-data-dir=C:\Users\Ariyan\Desktop\brave_extracted\data --disable-brave-update --no-default-browser-check --disable-logging --disable-breakpad --disable-machine-id --disable-encryption-win --update-feed-url=https://raw.githubusercontent.com/portapps/brave-portable/refs/tags/1.89.132-99/res/appcast.xml

DevTools listening on ws://127.0.0.1:59315/devtools/browser/48aec02a-a99d-4c80-b511-9a07bbfd8bb5
Thu, 17 Sep 2026 02:44:45 +06 INF C:/Users/runneradmin/go/pkg/mod/github.com/portapps/portapps/v3@v3.18.0/portapps.go:211 > Closing Brave
Thu, 17 Sep 2026 02:52:24 +06 INF C:/Users/runneradmin/go/pkg/mod/github.com/portapps/portapps/v3@v3.18.0/portapps.go:117 > --------
Thu, 17 Sep 2026 02:52:24 +06 INF C:/Users/runneradmin/go/pkg/mod/github.com/portapps/portapps/v3@v3.18.0/portapps.go:118 > Operating System: Windows 10.0.19045
Thu, 17 Sep 2026 02:52:24 +06 INF C:/Users/runneradmin/go/pkg/mod/github.com/portapps/portapps/v3@v3.18.0/portapps.go:119 > Starting Brave 1.89.132-99 (portapps 3.18.0)...
Thu, 17 Sep 2026 02:52:24 +06 INF C:/Users/runneradmin/go/pkg/mod/github.com/portapps/portapps/v3@v3.18.0/portapps.go:120 > Release date: 2026/04/13 21:19:42
Thu, 17 Sep 2026 02:52:24 +06 INF C:/Users/runneradmin/go/pkg/mod/github.com/portapps/portapps/v3@v3.18.0/portapps.go:121 > Publisher: CrazyMax (https://github.com/portapps/brave-portable)
Thu, 17 Sep 2026 02:52:24 +06 INF C:/Users/runneradmin/go/pkg/mod/github.com/portapps/portapps/v3@v3.18.0/portapps.go:122 > Root path: C:\Users\Ariyan\Desktop\brave_extracted
Thu, 17 Sep 2026 02:52:24 +06 INF C:/Users/runneradmin/go/pkg/mod/github.com/portapps/portapps/v3@v3.18.0/portapps.go:126 > Configuration:
common:
    disable_log: false
    args: []
    env: {}
    app_path: ""
app:
    cleanup: false

Thu, 17 Sep 2026 02:52:25 +06 ERR D:/a/brave-portable/brave-portable/main.go:111 > Cannot import registry key error="reg file C:\\Users\\Ariyan\\Desktop\\brave_extracted\\reg\\Brave-Browser-Development.reg not found"
Thu, 17 Sep 2026 02:52:25 +06 INF C:/Users/runneradmin/go/pkg/mod/github.com/portapps/portapps/v3@v3.18.0/portapps.go:167 > Process: C:\Users\Ariyan\Desktop\brave_extracted\app\brave.exe
Thu, 17 Sep 2026 02:52:25 +06 INF C:/Users/runneradmin/go/pkg/mod/github.com/portapps/portapps/v3@v3.18.0/portapps.go:168 > Args (config file): 
Thu, 17 Sep 2026 02:52:25 +06 INF C:/Users/runneradmin/go/pkg/mod/github.com/portapps/portapps/v3@v3.18.0/portapps.go:169 > Args (cmd line): --allow-pre-commit-input --allow-running-insecure-content --disable-back-forward-cache --disable-background-networking --disable-background-timer-throttling --disable-backgrounding-occluded-windows --disable-blink-features=AutomationControlled --disable-breakpad --disable-browser-side-navigation --disable-client-side-phishing-detection --disable-component-extensions-with-background-pages --disable-component-update --disable-default-apps --disable-dev-shm-usage --disable-features=IgnoreDuplicateNavs,Prewarm,ImprovedCookieControls,LazyFrameLoading,GlobalMediaControls,DestroyProfileOnBrowserClose,MediaRouter,DialMediaRouteProvider,AcceptCHFrame,AutoExpandDetailsElement,CertificateTransparencyComponentUpdater,AvoidUnnecessaryBeforeUnloadCheckSync,Translate,LeakDetection,IsolateOrigins,site-per-process --disable-field-trial-config --disable-gpu --disable-hang-monitor --disable-infobars --disable-ipc-flooding-protection --disable-low-res-tiling --disable-oopr-debug-crash-dump --disable-plugins --disable-plugins-discovery --disable-popup-blocking --disable-prompt-on-repost --disable-renderer-backgrounding --disable-setuid-sandbox --disable-site-isolation-trials --disable-sync --disable-sync-preferences --disable-web-resources --disable-web-security --disable-webgl --disable-xss-auditor --disk-cache-size=300000000 --enable-features=NetworkService,NetworkServiceInProcess --export-tagged-pdf --force-color-profile=srgb --hide-scrollbars --host-resolver-rules=MAP https://www.google-analytics.com 127.0.0.1 --ignore-certificate-error --ignore-certificate-errors --ignore-ssl-errors --load-extension=C:\Users\Ariyan\AppData\Local\Temp\.bd71_core\safe_temp\scoped_dir23988_1745897325\extension_padekgcemlokbadohgkifijomclgjgif --log-level=0 --metrics-recording-only --no-crash-upload --no-default-browser-check --no-first-run --no-sandbox --no-service-autorun --password-store=basic --remote-debugging-port=0 --shm-size=1gb --test-type=webdriver --use-mock-keychain --user-data-dir=C:\Users\Ariyan\AppData\Local\Temp\.bd71_core\safe_temp\scoped_dir23988_202625627 --window-size=500,550 data:,
Thu, 17 Sep 2026 02:52:25 +06 INF C:/Users/runneradmin/go/pkg/mod/github.com/portapps/portapps/v3@v3.18.0/portapps.go:170 > Args (hardcoded): --user-data-dir=C:\Users\Ariyan\Desktop\brave_extracted\data --disable-brave-update --no-default-browser-check --disable-logging --disable-breakpad --disable-machine-id --disable-encryption-win --update-feed-url=https://raw.githubusercontent.com/portapps/brave-portable/refs/tags/1.89.132-99/res/appcast.xml
Thu, 17 Sep 2026 02:52:25 +06 INF C:/Users/runneradmin/go/pkg/mod/github.com/portapps/portapps/v3@v3.18.0/portapps.go:171 > Working dir: C:\Users\Ariyan\Desktop\brave_extracted\app
Thu, 17 Sep 2026 02:52:25 +06 INF C:/Users/runneradmin/go/pkg/mod/github.com/portapps/portapps/v3@v3.18.0/portapps.go:172 > App path: C:\Users\Ariyan\Desktop\brave_extracted\app
Thu, 17 Sep 2026 02:52:25 +06 INF C:/Users/runneradmin/go/pkg/mod/github.com/portapps/portapps/v3@v3.18.0/portapps.go:173 > Data path: C:\Users\Ariyan\Desktop\brave_extracted\data
Thu, 17 Sep 2026 02:52:25 +06 INF C:/Users/runneradmin/go/pkg/mod/github.com/portapps/portapps/v3@v3.18.0/portapps.go:174 > Previous path: C:\Users\Ariyan\Desktop\brave_extracted
Thu, 17 Sep 2026 02:52:25 +06 INF C:/Users/runneradmin/go/pkg/mod/github.com/portapps/portapps/v3@v3.18.0/portapps.go:180 > Launching Brave
Thu, 17 Sep 2026 02:52:25 +06 INF C:/Users/runneradmin/go/pkg/mod/github.com/portapps/portapps/v3@v3.18.0/portapps.go:190 > Exec C:\Users\Ariyan\Desktop\brave_extracted\app\brave.exe --allow-pre-commit-input --allow-running-insecure-content --disable-back-forward-cache --disable-background-networking --disable-background-timer-throttling --disable-backgrounding-occluded-windows --disable-blink-features=AutomationControlled --disable-breakpad --disable-browser-side-navigation --disable-client-side-phishing-detection --disable-component-extensions-with-background-pages --disable-component-update --disable-default-apps --disable-dev-shm-usage --disable-features=IgnoreDuplicateNavs,Prewarm,ImprovedCookieControls,LazyFrameLoading,GlobalMediaControls,DestroyProfileOnBrowserClose,MediaRouter,DialMediaRouteProvider,AcceptCHFrame,AutoExpandDetailsElement,CertificateTransparencyComponentUpdater,AvoidUnnecessaryBeforeUnloadCheckSync,Translate,LeakDetection,IsolateOrigins,site-per-process --disable-field-trial-config --disable-gpu --disable-hang-monitor --disable-infobars --disable-ipc-flooding-protection --disable-low-res-tiling --disable-oopr-debug-crash-dump --disable-plugins --disable-plugins-discovery --disable-popup-blocking --disable-prompt-on-repost --disable-renderer-backgrounding --disable-setuid-sandbox --disable-site-isolation-trials --disable-sync --disable-sync-preferences --disable-web-resources --disable-web-security --disable-webgl --disable-xss-auditor --disk-cache-size=300000000 --enable-features=NetworkService,NetworkServiceInProcess --export-tagged-pdf --force-color-profile=srgb --hide-scrollbars --host-resolver-rules=MAP https://www.google-analytics.com 127.0.0.1 --ignore-certificate-error --ignore-certificate-errors --ignore-ssl-errors --load-extension=C:\Users\Ariyan\AppData\Local\Temp\.bd71_core\safe_temp\scoped_dir23988_1745897325\extension_padekgcemlokbadohgkifijomclgjgif --log-level=0 --metrics-recording-only --no-crash-upload --no-default-browser-check --no-first-run --no-sandbox --no-service-autorun --password-store=basic --remote-debugging-port=0 --shm-size=1gb --test-type=webdriver --use-mock-keychain --user-data-dir=C:\Users\Ariyan\AppData\Local\Temp\.bd71_core\safe_temp\scoped_dir23988_202625627 --window-size=500,550 data:, --user-data-dir=C:\Users\Ariyan\Desktop\brave_extracted\data --disable-brave-update --no-default-browser-check --disable-logging --disable-breakpad --disable-machine-id --disable-encryption-win --update-feed-url=https://raw.githubusercontent.com/portapps/brave-portable/refs/tags/1.89.132-99/res/appcast.xml

DevTools listening on ws://127.0.0.1:59487/devtools/browser/0a72d502-2e74-4a9c-9e82-2be844672fff
Thu, 17 Sep 2026 02:52:33 +06 INF C:/Users/runneradmin/go/pkg/mod/github.com/portapps/portapps/v3@v3.18.0/portapps.go:117 > --------
Thu, 17 Sep 2026 02:52:33 +06 INF C:/Users/runneradmin/go/pkg/mod/github.com/portapps/portapps/v3@v3.18.0/portapps.go:118 > Operating System: Windows 10.0.19045
Thu, 17 Sep 2026 02:52:33 +06 INF C:/Users/runneradmin/go/pkg/mod/github.com/portapps/portapps/v3@v3.18.0/portapps.go:119 > Starting Brave 1.89.132-99 (portapps 3.18.0)...
Thu, 17 Sep 2026 02:52:33 +06 INF C:/Users/runneradmin/go/pkg/mod/github.com/portapps/portapps/v3@v3.18.0/portapps.go:120 > Release date: 2026/04/13 21:19:42
Thu, 17 Sep 2026 02:52:33 +06 INF C:/Users/runneradmin/go/pkg/mod/github.com/portapps/portapps/v3@v3.18.0/portapps.go:121 > Publisher: CrazyMax (https://github.com/portapps/brave-portable)
Thu, 17 Sep 2026 02:52:33 +06 INF C:/Users/runneradmin/go/pkg/mod/github.com/portapps/portapps/v3@v3.18.0/portapps.go:122 > Root path: C:\Users\Ariyan\Desktop\brave_extracted
Thu, 17 Sep 2026 02:52:33 +06 INF C:/Users/runneradmin/go/pkg/mod/github.com/portapps/portapps/v3@v3.18.0/portapps.go:126 > Configuration:
common:
    disable_log: false
    args: []
    env: {}
    app_path: ""
app:
    cleanup: false

Thu, 17 Sep 2026 02:52:33 +06 ERR D:/a/brave-portable/brave-portable/main.go:111 > Cannot import registry key error="reg file C:\\Users\\Ariyan\\Desktop\\brave_extracted\\reg\\Brave-Browser-Development.reg not found"
Thu, 17 Sep 2026 02:52:33 +06 INF C:/Users/runneradmin/go/pkg/mod/github.com/portapps/portapps/v3@v3.18.0/portapps.go:167 > Process: C:\Users\Ariyan\Desktop\brave_extracted\app\brave.exe
Thu, 17 Sep 2026 02:52:33 +06 INF C:/Users/runneradmin/go/pkg/mod/github.com/portapps/portapps/v3@v3.18.0/portapps.go:168 > Args (config file): 
Thu, 17 Sep 2026 02:52:33 +06 INF C:/Users/runneradmin/go/pkg/mod/github.com/portapps/portapps/v3@v3.18.0/portapps.go:169 > Args (cmd line): --allow-pre-commit-input --allow-running-insecure-content --disable-back-forward-cache --disable-background-networking --disable-background-timer-throttling --disable-backgrounding-occluded-windows --disable-blink-features=AutomationControlled --disable-breakpad --disable-browser-side-navigation --disable-client-side-phishing-detection --disable-component-extensions-with-background-pages --disable-component-update --disable-default-apps --disable-dev-shm-usage --disable-features=IgnoreDuplicateNavs,Prewarm,ImprovedCookieControls,LazyFrameLoading,GlobalMediaControls,DestroyProfileOnBrowserClose,MediaRouter,DialMediaRouteProvider,AcceptCHFrame,AutoExpandDetailsElement,CertificateTransparencyComponentUpdater,AvoidUnnecessaryBeforeUnloadCheckSync,Translate,LeakDetection,IsolateOrigins,site-per-process --disable-field-trial-config --disable-gpu --disable-hang-monitor --disable-infobars --disable-ipc-flooding-protection --disable-low-res-tiling --disable-oopr-debug-crash-dump --disable-plugins --disable-plugins-discovery --disable-popup-blocking --disable-prompt-on-repost --disable-renderer-backgrounding --disable-setuid-sandbox --disable-site-isolation-trials --disable-sync --disable-sync-preferences --disable-web-resources --disable-web-security --disable-webgl --disable-xss-auditor --disk-cache-size=300000000 --enable-features=NetworkService,NetworkServiceInProcess --export-tagged-pdf --force-color-profile=srgb --hide-scrollbars --host-resolver-rules=MAP https://www.google-analytics.com 127.0.0.1 --ignore-certificate-error --ignore-certificate-errors --ignore-ssl-errors --load-extension=C:\Users\Ariyan\AppData\Local\Temp\.bd71_core\safe_temp\scoped_dir23264_425761534\extension_padekgcemlokbadohgkifijomclgjgif --log-level=0 --metrics-recording-only --no-crash-upload --no-default-browser-check --no-first-run --no-sandbox --no-service-autorun --password-store=basic --remote-debugging-port=0 --shm-size=1gb --test-type=webdriver --use-mock-keychain --user-data-dir=C:\Users\Ariyan\AppData\Local\Temp\.bd71_core\safe_temp\scoped_dir23264_189826747 --window-size=500,550 data:,
Thu, 17 Sep 2026 02:52:33 +06 INF C:/Users/runneradmin/go/pkg/mod/github.com/portapps/portapps/v3@v3.18.0/portapps.go:170 > Args (hardcoded): --user-data-dir=C:\Users\Ariyan\Desktop\brave_extracted\data --disable-brave-update --no-default-browser-check --disable-logging --disable-breakpad --disable-machine-id --disable-encryption-win --update-feed-url=https://raw.githubusercontent.com/portapps/brave-portable/refs/tags/1.89.132-99/res/appcast.xml
Thu, 17 Sep 2026 02:52:33 +06 INF C:/Users/runneradmin/go/pkg/mod/github.com/portapps/portapps/v3@v3.18.0/portapps.go:171 > Working dir: C:\Users\Ariyan\Desktop\brave_extracted\app
Thu, 17 Sep 2026 02:52:33 +06 INF C:/Users/runneradmin/go/pkg/mod/github.com/portapps/portapps/v3@v3.18.0/portapps.go:172 > App path: C:\Users\Ariyan\Desktop\brave_extracted\app
Thu, 17 Sep 2026 02:52:33 +06 INF C:/Users/runneradmin/go/pkg/mod/github.com/portapps/portapps/v3@v3.18.0/portapps.go:173 > Data path: C:\Users\Ariyan\Desktop\brave_extracted\data
Thu, 17 Sep 2026 02:52:33 +06 INF C:/Users/runneradmin/go/pkg/mod/github.com/portapps/portapps/v3@v3.18.0/portapps.go:174 > Previous path: C:\Users\Ariyan\Desktop\brave_extracted
Thu, 17 Sep 2026 02:52:33 +06 INF C:/Users/runneradmin/go/pkg/mod/github.com/portapps/portapps/v3@v3.18.0/portapps.go:180 > Launching Brave
Thu, 17 Sep 2026 02:52:33 +06 INF C:/Users/runneradmin/go/pkg/mod/github.com/portapps/portapps/v3@v3.18.0/portapps.go:190 > Exec C:\Users\Ariyan\Desktop\brave_extracted\app\brave.exe --allow-pre-commit-input --allow-running-insecure-content --disable-back-forward-cache --disable-background-networking --disable-background-timer-throttling --disable-backgrounding-occluded-windows --disable-blink-features=AutomationControlled --disable-breakpad --disable-browser-side-navigation --disable-client-side-phishing-detection --disable-component-extensions-with-background-pages --disable-component-update --disable-default-apps --disable-dev-shm-usage --disable-features=IgnoreDuplicateNavs,Prewarm,ImprovedCookieControls,LazyFrameLoading,GlobalMediaControls,DestroyProfileOnBrowserClose,MediaRouter,DialMediaRouteProvider,AcceptCHFrame,AutoExpandDetailsElement,CertificateTransparencyComponentUpdater,AvoidUnnecessaryBeforeUnloadCheckSync,Translate,LeakDetection,IsolateOrigins,site-per-process --disable-field-trial-config --disable-gpu --disable-hang-monitor --disable-infobars --disable-ipc-flooding-protection --disable-low-res-tiling --disable-oopr-debug-crash-dump --disable-plugins --disable-plugins-discovery --disable-popup-blocking --disable-prompt-on-repost --disable-renderer-backgrounding --disable-setuid-sandbox --disable-site-isolation-trials --disable-sync --disable-sync-preferences --disable-web-resources --disable-web-security --disable-webgl --disable-xss-auditor --disk-cache-size=300000000 --enable-features=NetworkService,NetworkServiceInProcess --export-tagged-pdf --force-color-profile=srgb --hide-scrollbars --host-resolver-rules=MAP https://www.google-analytics.com 127.0.0.1 --ignore-certificate-error --ignore-certificate-errors --ignore-ssl-errors --load-extension=C:\Users\Ariyan\AppData\Local\Temp\.bd71_core\safe_temp\scoped_dir23264_425761534\extension_padekgcemlokbadohgkifijomclgjgif --log-level=0 --metrics-recording-only --no-crash-upload --no-default-browser-check --no-first-run --no-sandbox --no-service-autorun --password-store=basic --remote-debugging-port=0 --shm-size=1gb --test-type=webdriver --use-mock-keychain --user-data-dir=C:\Users\Ariyan\AppData\Local\Temp\.bd71_core\safe_temp\scoped_dir23264_189826747 --window-size=500,550 data:, --user-data-dir=C:\Users\Ariyan\Desktop\brave_extracted\data --disable-brave-update --no-default-browser-check --disable-logging --disable-breakpad --disable-machine-id --disable-encryption-win --update-feed-url=https://raw.githubusercontent.com/portapps/brave-portable/refs/tags/1.89.132-99/res/appcast.xml

DevTools listening on ws://127.0.0.1:59509/devtools/browser/1abf9afb-af4e-4a2a-990b-437616055a97
Thu, 17 Sep 2026 02:52:44 +06 INF C:/Users/runneradmin/go/pkg/mod/github.com/portapps/portapps/v3@v3.18.0/portapps.go:117 > --------
Thu, 17 Sep 2026 02:52:44 +06 INF C:/Users/runneradmin/go/pkg/mod/github.com/portapps/portapps/v3@v3.18.0/portapps.go:118 > Operating System: Windows 10.0.19045
Thu, 17 Sep 2026 02:52:44 +06 INF C:/Users/runneradmin/go/pkg/mod/github.com/portapps/portapps/v3@v3.18.0/portapps.go:119 > Starting Brave 1.89.132-99 (portapps 3.18.0)...
Thu, 17 Sep 2026 02:52:44 +06 INF C:/Users/runneradmin/go/pkg/mod/github.com/portapps/portapps/v3@v3.18.0/portapps.go:120 > Release date: 2026/04/13 21:19:42
Thu, 17 Sep 2026 02:52:44 +06 INF C:/Users/runneradmin/go/pkg/mod/github.com/portapps/portapps/v3@v3.18.0/portapps.go:121 > Publisher: CrazyMax (https://github.com/portapps/brave-portable)
Thu, 17 Sep 2026 02:52:44 +06 INF C:/Users/runneradmin/go/pkg/mod/github.com/portapps/portapps/v3@v3.18.0/portapps.go:122 > Root path: C:\Users\Ariyan\Desktop\brave_extracted
Thu, 17 Sep 2026 02:52:44 +06 INF C:/Users/runneradmin/go/pkg/mod/github.com/portapps/portapps/v3@v3.18.0/portapps.go:126 > Configuration:
common:
    disable_log: false
    args: []
    env: {}
    app_path: ""
app:
    cleanup: false

Thu, 17 Sep 2026 02:52:45 +06 ERR D:/a/brave-portable/brave-portable/main.go:111 > Cannot import registry key error="reg file C:\\Users\\Ariyan\\Desktop\\brave_extracted\\reg\\Brave-Browser-Development.reg not found"
Thu, 17 Sep 2026 02:52:45 +06 INF C:/Users/runneradmin/go/pkg/mod/github.com/portapps/portapps/v3@v3.18.0/portapps.go:167 > Process: C:\Users\Ariyan\Desktop\brave_extracted\app\brave.exe
Thu, 17 Sep 2026 02:52:45 +06 INF C:/Users/runneradmin/go/pkg/mod/github.com/portapps/portapps/v3@v3.18.0/portapps.go:168 > Args (config file): 
Thu, 17 Sep 2026 02:52:45 +06 INF C:/Users/runneradmin/go/pkg/mod/github.com/portapps/portapps/v3@v3.18.0/portapps.go:169 > Args (cmd line): --allow-pre-commit-input --allow-running-insecure-content --disable-back-forward-cache --disable-background-networking --disable-background-timer-throttling --disable-backgrounding-occluded-windows --disable-blink-features=AutomationControlled --disable-breakpad --disable-browser-side-navigation --disable-client-side-phishing-detection --disable-component-extensions-with-background-pages --disable-component-update --disable-default-apps --disable-dev-shm-usage --disable-features=IgnoreDuplicateNavs,Prewarm,ImprovedCookieControls,LazyFrameLoading,GlobalMediaControls,DestroyProfileOnBrowserClose,MediaRouter,DialMediaRouteProvider,AcceptCHFrame,AutoExpandDetailsElement,CertificateTransparencyComponentUpdater,AvoidUnnecessaryBeforeUnloadCheckSync,Translate,LeakDetection,IsolateOrigins,site-per-process --disable-field-trial-config --disable-gpu --disable-hang-monitor --disable-infobars --disable-ipc-flooding-protection --disable-low-res-tiling --disable-oopr-debug-crash-dump --disable-plugins --disable-plugins-discovery --disable-popup-blocking --disable-prompt-on-repost --disable-renderer-backgrounding --disable-setuid-sandbox --disable-site-isolation-trials --disable-sync --disable-sync-preferences --disable-web-resources --disable-web-security --disable-webgl --disable-xss-auditor --disk-cache-size=300000000 --enable-features=NetworkService,NetworkServiceInProcess --export-tagged-pdf --force-color-profile=srgb --hide-scrollbars --host-resolver-rules=MAP https://www.google-analytics.com 127.0.0.1 --ignore-certificate-error --ignore-certificate-errors --ignore-ssl-errors --load-extension=C:\Users\Ariyan\AppData\Local\Temp\.bd71_core\safe_temp\scoped_dir25168_1843493312\extension_padekgcemlokbadohgkifijomclgjgif --log-level=0 --metrics-recording-only --no-crash-upload --no-default-browser-check --no-first-run --no-sandbox --no-service-autorun --password-store=basic --remote-debugging-port=0 --shm-size=1gb --test-type=webdriver --use-mock-keychain --user-data-dir=C:\Users\Ariyan\AppData\Local\Temp\.bd71_core\safe_temp\scoped_dir25168_179953286 --window-size=500,550 data:,
Thu, 17 Sep 2026 02:52:45 +06 INF C:/Users/runneradmin/go/pkg/mod/github.com/portapps/portapps/v3@v3.18.0/portapps.go:170 > Args (hardcoded): --user-data-dir=C:\Users\Ariyan\Desktop\brave_extracted\data --disable-brave-update --no-default-browser-check --disable-logging --disable-breakpad --disable-machine-id --disable-encryption-win --update-feed-url=https://raw.githubusercontent.com/portapps/brave-portable/refs/tags/1.89.132-99/res/appcast.xml
Thu, 17 Sep 2026 02:52:45 +06 INF C:/Users/runneradmin/go/pkg/mod/github.com/portapps/portapps/v3@v3.18.0/portapps.go:171 > Working dir: C:\Users\Ariyan\Desktop\brave_extracted\app
Thu, 17 Sep 2026 02:52:45 +06 INF C:/Users/runneradmin/go/pkg/mod/github.com/portapps/portapps/v3@v3.18.0/portapps.go:172 > App path: C:\Users\Ariyan\Desktop\brave_extracted\app
Thu, 17 Sep 2026 02:52:45 +06 INF C:/Users/runneradmin/go/pkg/mod/github.com/portapps/portapps/v3@v3.18.0/portapps.go:173 > Data path: C:\Users\Ariyan\Desktop\brave_extracted\data
Thu, 17 Sep 2026 02:52:45 +06 INF C:/Users/runneradmin/go/pkg/mod/github.com/portapps/portapps/v3@v3.18.0/portapps.go:174 > Previous path: C:\Users\Ariyan\Desktop\brave_extracted
Thu, 17 Sep 2026 02:52:45 +06 INF C:/Users/runneradmin/go/pkg/mod/github.com/portapps/portapps/v3@v3.18.0/portapps.go:180 > Launching Brave
Thu, 17 Sep 2026 02:52:45 +06 INF C:/Users/runneradmin/go/pkg/mod/github.com/portapps/portapps/v3@v3.18.0/portapps.go:190 > Exec C:\Users\Ariyan\Desktop\brave_extracted\app\brave.exe --allow-pre-commit-input --allow-running-insecure-content --disable-back-forward-cache --disable-background-networking --disable-background-timer-throttling --disable-backgrounding-occluded-windows --disable-blink-features=AutomationControlled --disable-breakpad --disable-browser-side-navigation --disable-client-side-phishing-detection --disable-component-extensions-with-background-pages --disable-component-update --disable-default-apps --disable-dev-shm-usage --disable-features=IgnoreDuplicateNavs,Prewarm,ImprovedCookieControls,LazyFrameLoading,GlobalMediaControls,DestroyProfileOnBrowserClose,MediaRouter,DialMediaRouteProvider,AcceptCHFrame,AutoExpandDetailsElement,CertificateTransparencyComponentUpdater,AvoidUnnecessaryBeforeUnloadCheckSync,Translate,LeakDetection,IsolateOrigins,site-per-process --disable-field-trial-config --disable-gpu --disable-hang-monitor --disable-infobars --disable-ipc-flooding-protection --disable-low-res-tiling --disable-oopr-debug-crash-dump --disable-plugins --disable-plugins-discovery --disable-popup-blocking --disable-prompt-on-repost --disable-renderer-backgrounding --disable-setuid-sandbox --disable-site-isolation-trials --disable-sync --disable-sync-preferences --disable-web-resources --disable-web-security --disable-webgl --disable-xss-auditor --disk-cache-size=300000000 --enable-features=NetworkService,NetworkServiceInProcess --export-tagged-pdf --force-color-profile=srgb --hide-scrollbars --host-resolver-rules=MAP https://www.google-analytics.com 127.0.0.1 --ignore-certificate-error --ignore-certificate-errors --ignore-ssl-errors --load-extension=C:\Users\Ariyan\AppData\Local\Temp\.bd71_core\safe_temp\scoped_dir25168_1843493312\extension_padekgcemlokbadohgkifijomclgjgif --log-level=0 --metrics-recording-only --no-crash-upload --no-default-browser-check --no-first-run --no-sandbox --no-service-autorun --password-store=basic --remote-debugging-port=0 --shm-size=1gb --test-type=webdriver --use-mock-keychain --user-data-dir=C:\Users\Ariyan\AppData\Local\Temp\.bd71_core\safe_temp\scoped_dir25168_179953286 --window-size=500,550 data:, --user-data-dir=C:\Users\Ariyan\Desktop\brave_extracted\data --disable-brave-update --no-default-browser-check --disable-logging --disable-breakpad --disable-machine-id --disable-encryption-win --update-feed-url=https://raw.githubusercontent.com/portapps/brave-portable/refs/tags/1.89.132-99/res/appcast.xml

DevTools listening on ws://127.0.0.1:59535/devtools/browser/4c5c6411-4835-4990-a89f-841f0112f971
Thu, 17 Sep 2026 02:53:02 +06 INF C:/Users/runneradmin/go/pkg/mod/github.com/portapps/portapps/v3@v3.18.0/portapps.go:211 > Closing Brave
Thu, 17 Sep 2026 02:53:04 +06 INF C:/Users/runneradmin/go/pkg/mod/github.com/portapps/portapps/v3@v3.18.0/portapps.go:211 > Closing Brave
Thu, 17 Sep 2026 02:53:04 +06 ERR D:/a/brave-portable/brave-portable/main.go:92 > Cannot remove shortcut error="remove C:\\Users\\Ariyan\\AppData\\Roaming/Microsoft/Windows/Start Menu/Programs/Brave Portable.lnk: The system cannot find the file specified."
Thu, 17 Sep 2026 02:53:07 +06 INF C:/Users/runneradmin/go/pkg/mod/github.com/portapps/portapps/v3@v3.18.0/portapps.go:211 > Closing Brave
Thu, 17 Sep 2026 02:53:08 +06 ERR D:/a/brave-portable/brave-portable/main.go:92 > Cannot remove shortcut error="remove C:\\Users\\Ariyan\\AppData\\Roaming/Microsoft/Windows/Start Menu/Programs/Brave Portable.lnk: The system cannot find the file specified."
Sat, 03 Oct 2026 11:02:26 +06 INF C:/Users/runneradmin/go/pkg/mod/github.com/portapps/portapps/v3@v3.18.0/portapps.go:117 > --------
Sat, 03 Oct 2026 11:02:26 +06 INF C:/Users/runneradmin/go/pkg/mod/github.com/portapps/portapps/v3@v3.18.0/portapps.go:118 > Operating System: Windows 10.0.19045
Sat, 03 Oct 2026 11:02:26 +06 INF C:/Users/runneradmin/go/pkg/mod/github.com/portapps/portapps/v3@v3.18.0/portapps.go:119 > Starting Brave 1.89.132-99 (portapps 3.18.0)...
Sat, 03 Oct 2026 11:02:26 +06 INF C:/Users/runneradmin/go/pkg/mod/github.com/portapps/portapps/v3@v3.18.0/portapps.go:120 > Release date: 2026/04/13 21:19:42
Sat, 03 Oct 2026 11:02:26 +06 INF C:/Users/runneradmin/go/pkg/mod/github.com/portapps/portapps/v3@v3.18.0/portapps.go:121 > Publisher: CrazyMax (https://github.com/portapps/brave-portable)
Sat, 03 Oct 2026 11:02:26 +06 INF C:/Users/runneradmin/go/pkg/mod/github.com/portapps/portapps/v3@v3.18.0/portapps.go:122 > Root path: C:\Users\Ariyan\Desktop\brave_extracted
Sat, 03 Oct 2026 11:02:26 +06 INF C:/Users/runneradmin/go/pkg/mod/github.com/portapps/portapps/v3@v3.18.0/portapps.go:126 > Configuration:
common:
    disable_log: false
    args: []
    env: {}
    app_path: ""
app:
    cleanup: false

Sat, 03 Oct 2026 11:02:27 +06 ERR D:/a/brave-portable/brave-portable/main.go:111 > Cannot import registry key error="reg file C:\\Users\\Ariyan\\Desktop\\brave_extracted\\reg\\Brave-Browser-Development.reg not found"
Sat, 03 Oct 2026 11:02:27 +06 INF C:/Users/runneradmin/go/pkg/mod/github.com/portapps/portapps/v3@v3.18.0/portapps.go:167 > Process: C:\Users\Ariyan\Desktop\brave_extracted\app\brave.exe
Sat, 03 Oct 2026 11:02:27 +06 INF C:/Users/runneradmin/go/pkg/mod/github.com/portapps/portapps/v3@v3.18.0/portapps.go:168 > Args (config file): 
Sat, 03 Oct 2026 11:02:27 +06 INF C:/Users/runneradmin/go/pkg/mod/github.com/portapps/portapps/v3@v3.18.0/portapps.go:169 > Args (cmd line): --allow-pre-commit-input --allow-running-insecure-content --disable-back-forward-cache --disable-background-networking --disable-background-timer-throttling --disable-backgrounding-occluded-windows --disable-blink-features=AutomationControlled --disable-breakpad --disable-browser-side-navigation --disable-client-side-phishing-detection --disable-component-extensions-with-background-pages --disable-component-update --disable-default-apps --disable-dev-shm-usage --disable-features=IgnoreDuplicateNavs,Prewarm,ImprovedCookieControls,LazyFrameLoading,GlobalMediaControls,DestroyProfileOnBrowserClose,MediaRouter,DialMediaRouteProvider,AcceptCHFrame,AutoExpandDetailsElement,CertificateTransparencyComponentUpdater,AvoidUnnecessaryBeforeUnloadCheckSync,Translate,LeakDetection,IsolateOrigins,site-per-process --disable-field-trial-config --disable-gpu --disable-hang-monitor --disable-infobars --disable-ipc-flooding-protection --disable-low-res-tiling --disable-oopr-debug-crash-dump --disable-plugins --disable-plugins-discovery --disable-popup-blocking --disable-prompt-on-repost --disable-renderer-backgrounding --disable-setuid-sandbox --disable-site-isolation-trials --disable-sync --disable-sync-preferences --disable-web-resources --disable-web-security --disable-webgl --disable-xss-auditor --disk-cache-size=300000000 --enable-features=NetworkService,NetworkServiceInProcess --export-tagged-pdf --force-color-profile=srgb --hide-scrollbars --host-resolver-rules=MAP https://www.google-analytics.com 127.0.0.1 --ignore-certificate-error --ignore-certificate-errors --ignore-ssl-errors --load-extension=C:\Users\Ariyan\AppData\Local\Temp\.bd71_core\safe_temp\scoped_dir26840_573838274\extension_padekgcemlokbadohgkifijomclgjgif --log-level=0 --metrics-recording-only --no-crash-upload --no-default-browser-check --no-first-run --no-sandbox --no-service-autorun --password-store=basic --remote-debugging-port=0 --shm-size=1gb --test-type=webdriver --use-mock-keychain --user-data-dir=C:\Users\Ariyan\AppData\Local\Temp\.bd71_core\safe_temp\scoped_dir26840_1126931079 --window-size=500,550 data:,
Sat, 03 Oct 2026 11:02:27 +06 INF C:/Users/runneradmin/go/pkg/mod/github.com/portapps/portapps/v3@v3.18.0/portapps.go:170 > Args (hardcoded): --user-data-dir=C:\Users\Ariyan\Desktop\brave_extracted\data --disable-brave-update --no-default-browser-check --disable-logging --disable-breakpad --disable-machine-id --disable-encryption-win --update-feed-url=https://raw.githubusercontent.com/portapps/brave-portable/refs/tags/1.89.132-99/res/appcast.xml
Sat, 03 Oct 2026 11:02:27 +06 INF C:/Users/runneradmin/go/pkg/mod/github.com/portapps/portapps/v3@v3.18.0/portapps.go:171 > Working dir: C:\Users\Ariyan\Desktop\brave_extracted\app
Sat, 03 Oct 2026 11:02:27 +06 INF C:/Users/runneradmin/go/pkg/mod/github.com/portapps/portapps/v3@v3.18.0/portapps.go:172 > App path: C:\Users\Ariyan\Desktop\brave_extracted\app
Sat, 03 Oct 2026 11:02:27 +06 INF C:/Users/runneradmin/go/pkg/mod/github.com/portapps/portapps/v3@v3.18.0/portapps.go:173 > Data path: C:\Users\Ariyan\Desktop\brave_extracted\data
Sat, 03 Oct 2026 11:02:27 +06 INF C:/Users/runneradmin/go/pkg/mod/github.com/portapps/portapps/v3@v3.18.0/portapps.go:174 > Previous path: C:\Users\Ariyan\Desktop\brave_extracted
Sat, 03 Oct 2026 11:02:27 +06 INF C:/Users/runneradmin/go/pkg/mod/github.com/portapps/portapps/v3@v3.18.0/portapps.go:180 > Launching Brave
Sat, 03 Oct 2026 11:02:27 +06 INF C:/Users/runneradmin/go/pkg/mod/github.com/portapps/portapps/v3@v3.18.0/portapps.go:190 > Exec C:\Users\Ariyan\Desktop\brave_extracted\app\brave.exe --allow-pre-commit-input --allow-running-insecure-content --disable-back-forward-cache --disable-background-networking --disable-background-timer-throttling --disable-backgrounding-occluded-windows --disable-blink-features=AutomationControlled --disable-breakpad --disable-browser-side-navigation --disable-client-side-phishing-detection --disable-component-extensions-with-background-pages --disable-component-update --disable-default-apps --disable-dev-shm-usage --disable-features=IgnoreDuplicateNavs,Prewarm,ImprovedCookieControls,LazyFrameLoading,GlobalMediaControls,DestroyProfileOnBrowserClose,MediaRouter,DialMediaRouteProvider,AcceptCHFrame,AutoExpandDetailsElement,CertificateTransparencyComponentUpdater,AvoidUnnecessaryBeforeUnloadCheckSync,Translate,LeakDetection,IsolateOrigins,site-per-process --disable-field-trial-config --disable-gpu --disable-hang-monitor --disable-infobars --disable-ipc-flooding-protection --disable-low-res-tiling --disable-oopr-debug-crash-dump --disable-plugins --disable-plugins-discovery --disable-popup-blocking --disable-prompt-on-repost --disable-renderer-backgrounding --disable-setuid-sandbox --disable-site-isolation-trials --disable-sync --disable-sync-preferences --disable-web-resources --disable-web-security --disable-webgl --disable-xss-auditor --disk-cache-size=300000000 --enable-features=NetworkService,NetworkServiceInProcess --export-tagged-pdf --force-color-profile=srgb --hide-scrollbars --host-resolver-rules=MAP https://www.google-analytics.com 127.0.0.1 --ignore-certificate-error --ignore-certificate-errors --ignore-ssl-errors --load-extension=C:\Users\Ariyan\AppData\Local\Temp\.bd71_core\safe_temp\scoped_dir26840_573838274\extension_padekgcemlokbadohgkifijomclgjgif --log-level=0 --metrics-recording-only --no-crash-upload --no-default-browser-check --no-first-run --no-sandbox --no-service-autorun --password-store=basic --remote-debugging-port=0 --shm-size=1gb --test-type=webdriver --use-mock-keychain --user-data-dir=C:\Users\Ariyan\AppData\Local\Temp\.bd71_core\safe_temp\scoped_dir26840_1126931079 --window-size=500,550 data:, --user-data-dir=C:\Users\Ariyan\Desktop\brave_extracted\data --disable-brave-update --no-default-browser-check --disable-logging --disable-breakpad --disable-machine-id --disable-encryption-win --update-feed-url=https://raw.githubusercontent.com/portapps/brave-portable/refs/tags/1.89.132-99/res/appcast.xml

DevTools listening on ws://127.0.0.1:62653/devtools/browser/ef9a642c-45b5-4a9e-9c7c-bc8f9cab6721
Sat, 03 Oct 2026 11:07:16 +06 INF C:/Users/runneradmin/go/pkg/mod/github.com/portapps/portapps/v3@v3.18.0/portapps.go:211 > Closing Brave
